time, || threshold, || frequencyHz, || amplitude, || filename
0.21633410453796387,2000,500.0,2017.0,/peak_capture_1_by_threshold_2000.wav
0.21691274642944336,2000,0.0,2033.0,/peak_capture_2_by_threshold_2000.wav
0.2172079086303711,2000,0.0,2048.0,/peak_capture_3_by_threshold_2000.wav
0.2867569923400879,2000,0.0,2062.0,/peak_capture_4_by_threshold_2000.wav
0.28712892532348633,2000,997.4025974025975,2074.0,/peak_capture_5_by_threshold_2000.wav
0.28745484352111816,2000,0.0,2084.0,/peak_capture_6_by_threshold_2000.wav
0.28776001930236816,2000,0.0,2092.0,/peak_capture_7_by_threshold_2000.wav
0.2880570888519287,2000,0.0,2097.0,/peak_capture_8_by_threshold_2000.wav
0.2883570194244385,2000,0.0,2100.0,/peak_capture_9_by_threshold_2000.wav
0.28864502906799316,2000,0.0,2101.0,/peak_capture_10_by_threshold_2000.wav
0.2889420986175537,2000,997.4025974025975,2100.0,/peak_capture_11_by_threshold_2000.wav
0.38031005859375,2000,0.0,2095.0,/peak_capture_12_by_threshold_2000.wav
0.3806309700012207,2000,0.0,2091.0,/peak_capture_13_by_threshold_2000.wav
0.38091588020324707,2000,0.0,2084.0,/peak_capture_14_by_threshold_2000.wav
0.38120484352111816,2000,997.4025974025975,2077.0,/peak_capture_15_by_threshold_2000.wav
0.3817129135131836,2000,0.0,2068.0,/peak_capture_16_by_threshold_2000.wav
0.38201284408569336,2000,0.0,2060.0,/peak_capture_17_by_threshold_2000.wav
0.38228702545166016,2000,997.4025974025975,2052.0,/peak_capture_18_by_threshold_2000.wav
0.3825540542602539,2000,0.0,2044.0,/peak_capture_19_by_threshold_2000.wav
0.4728388786315918,2000,0.0,2036.0,/peak_capture_20_by_threshold_2000.wav
0.47323012351989746,2000,0.0,2029.0,/peak_capture_21_by_threshold_2000.wav
0.4735739231109619,2000,997.4025974025975,2022.0,/peak_capture_22_by_threshold_2000.wav
0.47391796112060547,2000,0.0,2015.0,/peak_capture_23_by_threshold_2000.wav
0.4742460250854492,2000,997.4025974025975,2008.0,/peak_capture_24_by_threshold_2000.wav
0.4802370071411133,2000,1000.0,2011.0,/peak_capture_25_by_threshold_2000.wav
0.4805889129638672,2000,997.4025974025975,2025.0,/peak_capture_26_by_threshold_2000.wav
0.5612227916717529,2000,0.0,2041.0,/peak_capture_27_by_threshold_2000.wav
0.5615248680114746,2000,0.0,2058.0,/peak_capture_28_by_threshold_2000.wav
0.5617959499359131,2000,0.0,2074.0,/peak_capture_29_by_threshold_2000.wav
0.5620729923248291,2000,0.0,2089.0,/peak_capture_30_by_threshold_2000.wav
0.5623400211334229,2000,997.4025974025975,2104.0,/peak_capture_31_by_threshold_2000.wav
0.5626847743988037,2000,0.0,2117.0,/peak_capture_32_by_threshold_2000.wav
0.5629379749298096,2000,0.0,2127.0,/peak_capture_33_by_threshold_2000.wav
0.5631959438323975,2000,997.4025974025975,2134.0,/peak_capture_34_by_threshold_2000.wav
0.5634469985961914,2000,997.4025974025975,2139.0,/peak_capture_35_by_threshold_2000.wav
0.6575279235839844,2000,997.4025974025975,2140.0,/peak_capture_36_by_threshold_2000.wav
0.6578381061553955,2000,997.4025974025975,2140.0,/peak_capture_37_by_threshold_2000.wav
0.6581370830535889,2000,997.4025974025975,2137.0,/peak_capture_38_by_threshold_2000.wav
0.6584150791168213,2000,997.4025974025975,2132.0,/peak_capture_39_by_threshold_2000.wav
0.658682107925415,2000,0.0,2125.0,/peak_capture_40_by_threshold_2000.wav
0.6589360237121582,2000,0.0,2119.0,/peak_capture_41_by_threshold_2000.wav
0.6591920852661133,2000,1994.805194805195,2113.0,/peak_capture_42_by_threshold_2000.wav
0.6594600677490234,2000,997.4025974025975,2108.0,/peak_capture_43_by_threshold_2000.wav
0.7525548934936523,2000,997.4025974025975,2104.0,/peak_capture_44_by_threshold_2000.wav
0.7531819343566895,2000,997.4025974025975,2103.0,/peak_capture_45_by_threshold_2000.wav
0.7536051273345947,2000,1994.805194805195,2104.0,/peak_capture_46_by_threshold_2000.wav
0.754202127456665,2000,997.4025974025975,2107.0,/peak_capture_47_by_threshold_2000.wav
0.7545998096466064,2000,0.0,2115.0,/peak_capture_48_by_threshold_2000.wav
0.7551319599151611,2000,0.0,2124.0,/peak_capture_49_by_threshold_2000.wav
0.755518913269043,2000,0.0,2136.0,/peak_capture_50_by_threshold_2000.wav
0.7558979988098145,2000,0.0,2150.0,/peak_capture_51_by_threshold_2000.wav
0.8457930088043213,2000,997.4025974025975,2165.0,/peak_capture_52_by_threshold_2000.wav
0.8469481468200684,2000,0.0,2181.0,/peak_capture_53_by_threshold_2000.wav
0.8476400375366211,2000,0.0,2196.0,/peak_capture_54_by_threshold_2000.wav
0.8483960628509521,2000,0.0,2210.0,/peak_capture_55_by_threshold_2000.wav
0.8489577770233154,2000,0.0,2222.0,/peak_capture_56_by_threshold_2000.wav
0.8495049476623535,2000,0.0,2232.0,/peak_capture_57_by_threshold_2000.wav
0.850039005279541,2000,0.0,2240.0,/peak_capture_58_by_threshold_2000.wav
0.8508720397949219,2000,0.0,2244.0,/peak_capture_59_by_threshold_2000.wav
0.9329440593719482,2000,997.4025974025975,2246.0,/peak_capture_60_by_threshold_2000.wav
0.9335610866546631,2000,0.0,2244.0,/peak_capture_61_by_threshold_2000.wav
0.9341490268707275,2000,0.0,2239.0,/peak_capture_62_by_threshold_2000.wav
0.9346699714660645,2000,997.4025974025975,2232.0,/peak_capture_63_by_threshold_2000.wav
0.9351091384887695,2000,997.4025974025975,2224.0,/peak_capture_64_by_threshold_2000.wav
0.9355499744415283,2000,997.4025974025975,2214.0,/peak_capture_65_by_threshold_2000.wav
0.9359829425811768,2000,997.4025974025975,2205.0,/peak_capture_66_by_threshold_2000.wav
0.9367930889129639,2000,0.0,2195.0,/peak_capture_67_by_threshold_2000.wav
1.0262329578399658,2000,997.4025974025975,2187.0,/peak_capture_68_by_threshold_2000.wav
1.0270709991455078,2000,0.0,2180.0,/peak_capture_69_by_threshold_2000.wav
1.0276389122009277,2000,0.0,2176.0,/peak_capture_70_by_threshold_2000.wav
1.0281829833984375,2000,0.0,2173.0,/peak_capture_71_by_threshold_2000.wav
1.0287258625030518,2000,997.4025974025975,2173.0,/peak_capture_72_by_threshold_2000.wav
1.0292820930480957,2000,997.4025974025975,2175.0,/peak_capture_73_by_threshold_2000.wav
1.0298328399658203,2000,0.0,2179.0,/peak_capture_74_by_threshold_2000.wav
1.0303637981414795,2000,0.0,2183.0,/peak_capture_75_by_threshold_2000.wav
1.0308949947357178,2000,0.0,2189.0,/peak_capture_76_by_threshold_2000.wav
1.1187000274658203,2000,997.4025974025975,2193.0,/peak_capture_77_by_threshold_2000.wav
1.119508981704712,2000,0.0,2197.0,/peak_capture_78_by_threshold_2000.wav
1.1202380657196045,2000,997.4025974025975,2199.0,/peak_capture_79_by_threshold_2000.wav
1.1209321022033691,2000,997.4025974025975,2198.0,/peak_capture_80_by_threshold_2000.wav
1.1216108798980713,2000,0.0,2194.0,/peak_capture_81_by_threshold_2000.wav
1.1226108074188232,2000,997.4025974025975,2187.0,/peak_capture_82_by_threshold_2000.wav
1.1232891082763672,2000,997.4025974025975,2174.0,/peak_capture_83_by_threshold_2000.wav
1.123992919921875,2000,0.0,2159.0,/peak_capture_84_by_threshold_2000.wav
1.1248371601104736,2000,997.4025974025975,2141.0,/peak_capture_85_by_threshold_2000.wav
1.212449073791504,2000,997.4025974025975,2117.0,/peak_capture_86_by_threshold_2000.wav
1.2135107517242432,2000,0.0,2092.0,/peak_capture_87_by_threshold_2000.wav
1.2142908573150635,2000,997.4025974025975,2064.0,/peak_capture_88_by_threshold_2000.wav
1.214946985244751,2000,997.4025974025975,2035.0,/peak_capture_89_by_threshold_2000.wav
1.2159218788146973,2000,997.4025974025975,2004.0,/peak_capture_90_by_threshold_2000.wav
1.3295600414276123,2000,1000.0,2006.0,/peak_capture_91_by_threshold_2000.wav
1.3300719261169434,2000,0.0,2014.0,/peak_capture_92_by_threshold_2000.wav
1.3303499221801758,2000,997.4025974025975,2020.0,/peak_capture_93_by_threshold_2000.wav
1.3306019306182861,2000,997.4025974025975,2026.0,/peak_capture_94_by_threshold_2000.wav
1.4000680446624756,2000,997.4025974025975,2032.0,/peak_capture_95_by_threshold_2000.wav
1.4003770351409912,2000,997.4025974025975,2036.0,/peak_capture_96_by_threshold_2000.wav
1.40065598487854,2000,997.4025974025975,2041.0,/peak_capture_97_by_threshold_2000.wav
1.400994062423706,2000,0.0,2044.0,/peak_capture_98_by_threshold_2000.wav
1.401258945465088,2000,0.0,2047.0,/peak_capture_99_by_threshold_2000.wav
1.4015181064605713,2000,0.0,2050.0,/peak_capture_100_by_threshold_2000.wav
1.4017729759216309,2000,0.0,2052.0,/peak_capture_101_by_threshold_2000.wav
1.4020321369171143,2000,0.0,2054.0,/peak_capture_102_by_threshold_2000.wav
1.4955251216888428,2000,0.0,2055.0,/peak_capture_103_by_threshold_2000.wav
1.495978832244873,2000,0.0,2056.0,/peak_capture_104_by_threshold_2000.wav
1.4963769912719727,2000,0.0,2057.0,/peak_capture_105_by_threshold_2000.wav
1.4967730045318604,2000,0.0,2057.0,/peak_capture_106_by_threshold_2000.wav
1.4971580505371094,2000,997.4025974025975,2057.0,/peak_capture_107_by_threshold_2000.wav
1.4976918697357178,2000,997.4025974025975,2056.0,/peak_capture_108_by_threshold_2000.wav
1.4980740547180176,2000,997.4025974025975,2055.0,/peak_capture_109_by_threshold_2000.wav
1.4984278678894043,2000,997.4025974025975,2054.0,/peak_capture_110_by_threshold_2000.wav
1.5867269039154053,2000,997.4025974025975,2051.0,/peak_capture_111_by_threshold_2000.wav
1.5870888233184814,2000,0.0,2049.0,/peak_capture_112_by_threshold_2000.wav
1.58742094039917,2000,0.0,2047.0,/peak_capture_113_by_threshold_2000.wav
1.5877509117126465,2000,0.0,2043.0,/peak_capture_114_by_threshold_2000.wav
1.5880749225616455,2000,0.0,2040.0,/peak_capture_115_by_threshold_2000.wav
1.5884079933166504,2000,0.0,2037.0,/peak_capture_116_by_threshold_2000.wav
1.58872389793396,2000,0.0,2033.0,/peak_capture_117_by_threshold_2000.wav
1.5890419483184814,2000,0.0,2029.0,/peak_capture_118_by_threshold_2000.wav
1.6755261421203613,2000,0.0,2025.0,/peak_capture_119_by_threshold_2000.wav
1.6759300231933594,2000,997.4025974025975,2019.0,/peak_capture_120_by_threshold_2000.wav
1.6762900352478027,2000,1994.805194805195,2014.0,/peak_capture_121_by_threshold_2000.wav
1.676671028137207,2000,1994.805194805195,2010.0,/peak_capture_122_by_threshold_2000.wav
1.677018165588379,2000,1994.805194805195,2005.0,/peak_capture_123_by_threshold_2000.wav
3.9326789379119873,2000,1000.0,2010.0,/peak_capture_124_by_threshold_2000.wav
3.9331939220428467,2000,0.0,2024.0,/peak_capture_125_by_threshold_2000.wav
3.9334518909454346,2000,0.0,2037.0,/peak_capture_126_by_threshold_2000.wav
4.002744913101196,2000,0.0,2050.0,/peak_capture_127_by_threshold_2000.wav
4.003072023391724,2000,0.0,2061.0,/peak_capture_128_by_threshold_2000.wav
4.003375053405762,2000,0.0,2070.0,/peak_capture_129_by_threshold_2000.wav
4.003989934921265,2000,0.0,2079.0,/peak_capture_130_by_threshold_2000.wav
4.004367113113403,2000,0.0,2086.0,/peak_capture_131_by_threshold_2000.wav
4.004689931869507,2000,997.4025974025975,2092.0,/peak_capture_132_by_threshold_2000.wav
4.004999876022339,2000,997.4025974025975,2096.0,/peak_capture_133_by_threshold_2000.wav
4.00541090965271,2000,0.0,2100.0,/peak_capture_134_by_threshold_2000.wav
4.09379506111145,2000,0.0,2102.0,/peak_capture_135_by_threshold_2000.wav
4.094067811965942,2000,0.0,2104.0,/peak_capture_136_by_threshold_2000.wav
4.094295024871826,2000,0.0,2105.0,/peak_capture_137_by_threshold_2000.wav
4.094913005828857,2000,0.0,2105.0,/peak_capture_138_by_threshold_2000.wav
4.095190048217773,2000,997.4025974025975,2105.0,/peak_capture_139_by_threshold_2000.wav
4.095462799072266,2000,997.4025974025975,2104.0,/peak_capture_140_by_threshold_2000.wav
4.095707178115845,2000,1994.805194805195,2104.0,/peak_capture_141_by_threshold_2000.wav
4.095979928970337,2000,0.0,2103.0,/peak_capture_142_by_threshold_2000.wav
4.186110973358154,2000,0.0,2101.0,/peak_capture_143_by_threshold_2000.wav
4.186371088027954,2000,0.0,2100.0,/peak_capture_144_by_threshold_2000.wav
4.186861038208008,2000,0.0,2098.0,/peak_capture_145_by_threshold_2000.wav
4.187160015106201,2000,0.0,2097.0,/peak_capture_146_by_threshold_2000.wav
4.187413930892944,2000,997.4025974025975,2095.0,/peak_capture_147_by_threshold_2000.wav
4.187656879425049,2000,997.4025974025975,2094.0,/peak_capture_148_by_threshold_2000.wav
4.1878907680511475,2000,1994.805194805195,2092.0,/peak_capture_149_by_threshold_2000.wav
4.188155889511108,2000,0.0,2090.0,/peak_capture_150_by_threshold_2000.wav
4.279510974884033,2000,0.0,2087.0,/peak_capture_151_by_threshold_2000.wav
4.279927968978882,2000,0.0,2086.0,/peak_capture_152_by_threshold_2000.wav
4.280292987823486,2000,0.0,2084.0,/peak_capture_153_by_threshold_2000.wav
4.280637979507446,2000,0.0,2081.0,/peak_capture_154_by_threshold_2000.wav
4.28097677230835,2000,997.4025974025975,2078.0,/peak_capture_155_by_threshold_2000.wav
4.281315088272095,2000,997.4025974025975,2075.0,/peak_capture_156_by_threshold_2000.wav
4.281635046005249,2000,997.4025974025975,2072.0,/peak_capture_157_by_threshold_2000.wav
4.281957149505615,2000,0.0,2068.0,/peak_capture_158_by_threshold_2000.wav
4.37260890007019,2000,0.0,2064.0,/peak_capture_159_by_threshold_2000.wav
4.3729448318481445,2000,0.0,2060.0,/peak_capture_160_by_threshold_2000.wav
4.3732500076293945,2000,0.0,2054.0,/peak_capture_161_by_threshold_2000.wav
4.373552083969116,2000,0.0,2049.0,/peak_capture_162_by_threshold_2000.wav
4.373968124389648,2000,0.0,2044.0,/peak_capture_163_by_threshold_2000.wav
4.374386787414551,2000,997.4025974025975,2037.0,/peak_capture_164_by_threshold_2000.wav
4.374747037887573,2000,997.4025974025975,2030.0,/peak_capture_165_by_threshold_2000.wav
4.3750669956207275,2000,0.0,2023.0,/peak_capture_166_by_threshold_2000.wav
4.462180137634277,2000,0.0,2015.0,/peak_capture_167_by_threshold_2000.wav
4.462855815887451,2000,0.0,2007.0,/peak_capture_168_by_threshold_2000.wav
4.463202953338623,2000,0.0,2003.0,/peak_capture_169_by_threshold_2000.wav
4.46346378326416,2000,0.0,2014.0,/peak_capture_170_by_threshold_2000.wav
4.463717937469482,2000,997.4025974025975,2025.0,/peak_capture_171_by_threshold_2000.wav
4.463935852050781,2000,1994.805194805195,2035.0,/peak_capture_172_by_threshold_2000.wav
4.4641430377960205,2000,0.0,2044.0,/peak_capture_173_by_threshold_2000.wav
4.464349985122681,2000,0.0,2053.0,/peak_capture_174_by_threshold_2000.wav
4.55716609954834,2000,0.0,2060.0,/peak_capture_175_by_threshold_2000.wav
4.557514905929565,2000,0.0,2066.0,/peak_capture_176_by_threshold_2000.wav
4.557815074920654,2000,0.0,2071.0,/peak_capture_177_by_threshold_2000.wav
4.558089971542358,2000,0.0,2074.0,/peak_capture_178_by_threshold_2000.wav
4.558353900909424,2000,0.0,2076.0,/peak_capture_179_by_threshold_2000.wav
4.558603048324585,2000,0.0,2078.0,/peak_capture_180_by_threshold_2000.wav
4.558836936950684,2000,0.0,2077.0,/peak_capture_181_by_threshold_2000.wav
4.5590760707855225,2000,997.4025974025975,2076.0,/peak_capture_182_by_threshold_2000.wav
4.652629852294922,2000,997.4025974025975,2073.0,/peak_capture_183_by_threshold_2000.wav
4.652934789657593,2000,0.0,2069.0,/peak_capture_184_by_threshold_2000.wav
4.653221845626831,2000,0.0,2065.0,/peak_capture_185_by_threshold_2000.wav
4.653490781784058,2000,0.0,2061.0,/peak_capture_186_by_threshold_2000.wav
4.653752088546753,2000,0.0,2055.0,/peak_capture_187_by_threshold_2000.wav
4.654016971588135,2000,0.0,2049.0,/peak_capture_188_by_threshold_2000.wav
4.654268980026245,2000,997.4025974025975,2044.0,/peak_capture_189_by_threshold_2000.wav
4.654521942138672,2000,0.0,2037.0,/peak_capture_190_by_threshold_2000.wav
4.742080926895142,2000,1994.805194805195,2032.0,/peak_capture_191_by_threshold_2000.wav
4.742427825927734,2000,997.4025974025975,2026.0,/peak_capture_192_by_threshold_2000.wav
4.742746114730835,2000,0.0,2021.0,/peak_capture_193_by_threshold_2000.wav
4.743052005767822,2000,0.0,2015.0,/peak_capture_194_by_threshold_2000.wav
4.743350028991699,2000,997.4025974025975,2011.0,/peak_capture_195_by_threshold_2000.wav
4.743644952774048,2000,0.0,2006.0,/peak_capture_196_by_threshold_2000.wav
4.743927955627441,2000,0.0,2003.0,/peak_capture_197_by_threshold_2000.wav
5.024411916732788,2000,0.0,2011.0,/peak_capture_198_by_threshold_2000.wav
5.024957895278931,2000,0.0,2024.0,/peak_capture_199_by_threshold_2000.wav
5.0252768993377686,2000,0.0,2036.0,/peak_capture_200_by_threshold_2000.wav
5.025552034378052,2000,0.0,2049.0,/peak_capture_201_by_threshold_2000.wav
5.025836944580078,2000,1994.805194805195,2061.0,/peak_capture_202_by_threshold_2000.wav
5.026103973388672,2000,1994.805194805195,2073.0,/peak_capture_203_by_threshold_2000.wav
5.026371002197266,2000,0.0,2086.0,/peak_capture_204_by_threshold_2000.wav
5.0266289710998535,2000,997.4025974025975,2098.0,/peak_capture_205_by_threshold_2000.wav
5.113755941390991,2000,997.4025974025975,2111.0,/peak_capture_206_by_threshold_2000.wav
5.114151954650879,2000,997.4025974025975,2124.0,/peak_capture_207_by_threshold_2000.wav
5.114490985870361,2000,0.0,2137.0,/peak_capture_208_by_threshold_2000.wav
5.1148200035095215,2000,0.0,2150.0,/peak_capture_209_by_threshold_2000.wav
5.115143775939941,2000,0.0,2164.0,/peak_capture_210_by_threshold_2000.wav
5.1157801151275635,2000,997.4025974025975,2178.0,/peak_capture_211_by_threshold_2000.wav
5.1162590980529785,2000,997.4025974025975,2192.0,/peak_capture_212_by_threshold_2000.wav
5.116667747497559,2000,997.4025974025975,2205.0,/peak_capture_213_by_threshold_2000.wav
5.207856893539429,2000,1994.805194805195,2218.0,/peak_capture_214_by_threshold_2000.wav
5.208148002624512,2000,997.4025974025975,2231.0,/peak_capture_215_by_threshold_2000.wav
5.208380937576294,2000,0.0,2244.0,/peak_capture_216_by_threshold_2000.wav
5.20859694480896,2000,0.0,2255.0,/peak_capture_217_by_threshold_2000.wav
5.208828926086426,2000,997.4025974025975,2264.0,/peak_capture_218_by_threshold_2000.wav
5.209051847457886,2000,997.4025974025975,2273.0,/peak_capture_219_by_threshold_2000.wav
5.20926308631897,2000,997.4025974025975,2281.0,/peak_capture_220_by_threshold_2000.wav
5.2096848487854,2000,0.0,2285.0,/peak_capture_221_by_threshold_2000.wav
5.297583103179932,2000,0.0,2290.0,/peak_capture_222_by_threshold_2000.wav
5.297875881195068,2000,0.0,2292.0,/peak_capture_223_by_threshold_2000.wav
5.298124074935913,2000,0.0,2291.0,/peak_capture_224_by_threshold_2000.wav
5.298367023468018,2000,0.0,2289.0,/peak_capture_225_by_threshold_2000.wav
5.2985999584198,2000,0.0,2285.0,/peak_capture_226_by_threshold_2000.wav
5.298834800720215,2000,997.4025974025975,2278.0,/peak_capture_227_by_threshold_2000.wav
5.304881811141968,2000,997.4025974025975,2270.0,/peak_capture_228_by_threshold_2000.wav
5.3051300048828125,2000,997.4025974025975,2260.0,/peak_capture_229_by_threshold_2000.wav
5.305372953414917,2000,0.0,2248.0,/peak_capture_230_by_threshold_2000.wav
5.3960278034210205,2000,0.0,2234.0,/peak_capture_231_by_threshold_2000.wav
5.39628791809082,2000,0.0,2220.0,/peak_capture_232_by_threshold_2000.wav
5.396517753601074,2000,997.4025974025975,2203.0,/peak_capture_233_by_threshold_2000.wav
5.396742820739746,2000,997.4025974025975,2186.0,/peak_capture_234_by_threshold_2000.wav
5.396960973739624,2000,997.4025974025975,2168.0,/peak_capture_235_by_threshold_2000.wav
5.397183895111084,2000,0.0,2149.0,/peak_capture_236_by_threshold_2000.wav
5.39739990234375,2000,0.0,2131.0,/peak_capture_237_by_threshold_2000.wav
5.397853851318359,2000,0.0,2110.0,/peak_capture_238_by_threshold_2000.wav
5.484480857849121,2000,0.0,2091.0,/peak_capture_239_by_threshold_2000.wav
5.484797954559326,2000,0.0,2072.0,/peak_capture_240_by_threshold_2000.wav
5.485077857971191,2000,997.4025974025975,2052.0,/peak_capture_241_by_threshold_2000.wav
5.485343933105469,2000,0.0,2034.0,/peak_capture_242_by_threshold_2000.wav
5.485797166824341,2000,0.0,2015.0,/peak_capture_243_by_threshold_2000.wav
5.486832141876221,2000,2000.0,2002.0,/peak_capture_244_by_threshold_2000.wav
5.487104892730713,2000,0.0,2025.0,/peak_capture_245_by_threshold_2000.wav
5.487360000610352,2000,0.0,2047.0,/peak_capture_246_by_threshold_2000.wav
5.4876039028167725,2000,0.0,2069.0,/peak_capture_247_by_threshold_2000.wav
5.581660747528076,2000,0.0,2090.0,/peak_capture_248_by_threshold_2000.wav
5.582544803619385,2000,0.0,2109.0,/peak_capture_249_by_threshold_2000.wav
5.583006858825684,2000,997.4025974025975,2128.0,/peak_capture_250_by_threshold_2000.wav
5.5834150314331055,2000,997.4025974025975,2146.0,/peak_capture_251_by_threshold_2000.wav
5.583871841430664,2000,997.4025974025975,2162.0,/peak_capture_252_by_threshold_2000.wav
5.584311008453369,2000,997.4025974025975,2179.0,/peak_capture_253_by_threshold_2000.wav
5.584753751754761,2000,0.0,2194.0,/peak_capture_254_by_threshold_2000.wav
5.585108995437622,2000,0.0,2207.0,/peak_capture_255_by_threshold_2000.wav
5.6738128662109375,2000,0.0,2219.0,/peak_capture_256_by_threshold_2000.wav
5.674526929855347,2000,1994.805194805195,2229.0,/peak_capture_257_by_threshold_2000.wav
5.675045728683472,2000,0.0,2239.0,/peak_capture_258_by_threshold_2000.wav
5.675551891326904,2000,997.4025974025975,2246.0,/peak_capture_259_by_threshold_2000.wav
5.676010847091675,2000,997.4025974025975,2252.0,/peak_capture_260_by_threshold_2000.wav
5.6766979694366455,2000,0.0,2256.0,/peak_capture_261_by_threshold_2000.wav
5.67723274230957,2000,0.0,2258.0,/peak_capture_262_by_threshold_2000.wav
5.67770791053772,2000,0.0,2258.0,/peak_capture_263_by_threshold_2000.wav
5.766510963439941,2000,997.4025974025975,2256.0,/peak_capture_264_by_threshold_2000.wav
5.7673180103302,2000,0.0,2253.0,/peak_capture_265_by_threshold_2000.wav
5.7677929401397705,2000,0.0,2248.0,/peak_capture_266_by_threshold_2000.wav
5.768016815185547,2000,0.0,2240.0,/peak_capture_267_by_threshold_2000.wav
5.768215894699097,2000,0.0,2231.0,/peak_capture_268_by_threshold_2000.wav
5.768409013748169,2000,0.0,2220.0,/peak_capture_269_by_threshold_2000.wav
5.768602132797241,2000,0.0,2208.0,/peak_capture_270_by_threshold_2000.wav
5.768793106079102,2000,997.4025974025975,2194.0,/peak_capture_271_by_threshold_2000.wav
5.854785919189453,2000,0.0,2178.0,/peak_capture_272_by_threshold_2000.wav
5.855823040008545,2000,0.0,2162.0,/peak_capture_273_by_threshold_2000.wav
5.856466770172119,2000,0.0,2145.0,/peak_capture_274_by_threshold_2000.wav
5.857003927230835,2000,0.0,2126.0,/peak_capture_275_by_threshold_2000.wav
5.8574299812316895,2000,997.4025974025975,2107.0,/peak_capture_276_by_threshold_2000.wav
5.8577330112457275,2000,997.4025974025975,2086.0,/peak_capture_277_by_threshold_2000.wav
5.858000040054321,2000,0.0,2066.0,/peak_capture_278_by_threshold_2000.wav
5.858258962631226,2000,0.0,2044.0,/peak_capture_279_by_threshold_2000.wav
5.858507871627808,2000,997.4025974025975,2023.0,/peak_capture_280_by_threshold_2000.wav
5.950079917907715,2000,0.0,2001.0,/peak_capture_281_by_threshold_2000.wav
5.950613975524902,2000,997.4025974025975,2012.0,/peak_capture_282_by_threshold_2000.wav
5.951451778411865,2000,0.0,2022.0,/peak_capture_283_by_threshold_2000.wav
5.95196795463562,2000,0.0,2031.0,/peak_capture_284_by_threshold_2000.wav
5.952425003051758,2000,0.0,2039.0,/peak_capture_285_by_threshold_2000.wav
5.952862977981567,2000,997.4025974025975,2046.0,/peak_capture_286_by_threshold_2000.wav
5.953275918960571,2000,0.0,2052.0,/peak_capture_287_by_threshold_2000.wav
5.953693866729736,2000,0.0,2057.0,/peak_capture_288_by_threshold_2000.wav
6.047093868255615,2000,0.0,2061.0,/peak_capture_289_by_threshold_2000.wav
6.06572699546814,2000,0.0,2064.0,/peak_capture_290_by_threshold_2000.wav
6.069237947463989,2000,997.4025974025975,2066.0,/peak_capture_291_by_threshold_2000.wav
6.070982933044434,2000,0.0,2066.0,/peak_capture_292_by_threshold_2000.wav
6.072932958602905,2000,0.0,2066.0,/peak_capture_293_by_threshold_2000.wav
6.07423996925354,2000,0.0,2065.0,/peak_capture_294_by_threshold_2000.wav
6.075636863708496,2000,0.0,2064.0,/peak_capture_295_by_threshold_2000.wav
6.076957941055298,2000,0.0,2062.0,/peak_capture_296_by_threshold_2000.wav
6.140515089035034,2000,997.4025974025975,2058.0,/peak_capture_297_by_threshold_2000.wav
6.141662836074829,2000,997.4025974025975,2056.0,/peak_capture_298_by_threshold_2000.wav
6.142592906951904,2000,0.0,2052.0,/peak_capture_299_by_threshold_2000.wav
6.14342188835144,2000,0.0,2048.0,/peak_capture_300_by_threshold_2000.wav
6.144113779067993,2000,0.0,2044.0,/peak_capture_301_by_threshold_2000.wav
6.144803047180176,2000,0.0,2041.0,/peak_capture_302_by_threshold_2000.wav
6.145465135574341,2000,0.0,2037.0,/peak_capture_303_by_threshold_2000.wav
6.146085739135742,2000,997.4025974025975,2034.0,/peak_capture_304_by_threshold_2000.wav
6.228903770446777,2000,0.0,2030.0,/peak_capture_305_by_threshold_2000.wav
6.230075836181641,2000,0.0,2027.0,/peak_capture_306_by_threshold_2000.wav
6.231277942657471,2000,0.0,2025.0,/peak_capture_307_by_threshold_2000.wav
6.232089042663574,2000,0.0,2022.0,/peak_capture_308_by_threshold_2000.wav
6.2328550815582275,2000,0.0,2020.0,/peak_capture_309_by_threshold_2000.wav
6.233561038970947,2000,997.4025974025975,2018.0,/peak_capture_310_by_threshold_2000.wav
6.234220027923584,2000,0.0,2016.0,/peak_capture_311_by_threshold_2000.wav
6.234745979309082,2000,0.0,2013.0,/peak_capture_312_by_threshold_2000.wav
6.235266923904419,2000,0.0,2011.0,/peak_capture_313_by_threshold_2000.wav
6.324285984039307,2000,0.0,2010.0,/peak_capture_314_by_threshold_2000.wav
6.3254759311676025,2000,997.4025974025975,2007.0,/peak_capture_315_by_threshold_2000.wav
6.32628607749939,2000,0.0,2004.0,/peak_capture_316_by_threshold_2000.wav
6.326992750167847,2000,0.0,2001.0,/peak_capture_317_by_threshold_2000.wav
6.332937955856323,2000,500.0,2006.0,/peak_capture_318_by_threshold_2000.wav
6.333631992340088,2000,997.4025974025975,2037.0,/peak_capture_319_by_threshold_2000.wav
6.334213018417358,2000,997.4025974025975,2069.0,/peak_capture_320_by_threshold_2000.wav
6.334758758544922,2000,997.4025974025975,2103.0,/peak_capture_321_by_threshold_2000.wav
6.335546970367432,2000,0.0,2137.0,/peak_capture_322_by_threshold_2000.wav
6.4167070388793945,2000,0.0,2171.0,/peak_capture_323_by_threshold_2000.wav
6.4173197746276855,2000,0.0,2207.0,/peak_capture_324_by_threshold_2000.wav
6.417881011962891,2000,0.0,2243.0,/peak_capture_325_by_threshold_2000.wav
6.418418884277344,2000,0.0,2278.0,/peak_capture_326_by_threshold_2000.wav
6.418967962265015,2000,0.0,2314.0,/peak_capture_327_by_threshold_2000.wav
6.419519901275635,2000,0.0,2347.0,/peak_capture_328_by_threshold_2000.wav
6.420071840286255,2000,0.0,2382.0,/peak_capture_329_by_threshold_2000.wav
6.420587062835693,2000,997.4025974025975,2414.0,/peak_capture_330_by_threshold_2000.wav
6.509222745895386,2000,997.4025974025975,2447.0,/peak_capture_331_by_threshold_2000.wav
6.509817123413086,2000,0.0,2477.0,/peak_capture_332_by_threshold_2000.wav
6.5103759765625,2000,0.0,2507.0,/peak_capture_333_by_threshold_2000.wav
6.51089882850647,2000,0.0,2535.0,/peak_capture_334_by_threshold_2000.wav
6.5114219188690186,2000,0.0,2562.0,/peak_capture_335_by_threshold_2000.wav
6.511955976486206,2000,0.0,2587.0,/peak_capture_336_by_threshold_2000.wav
6.512473106384277,2000,0.0,2610.0,/peak_capture_337_by_threshold_2000.wav
6.512988805770874,2000,0.0,2633.0,/peak_capture_338_by_threshold_2000.wav
6.601346015930176,2000,0.0,2654.0,/peak_capture_339_by_threshold_2000.wav
6.602423906326294,2000,997.4025974025975,2674.0,/peak_capture_340_by_threshold_2000.wav
6.6036388874053955,2000,0.0,2692.0,/peak_capture_341_by_threshold_2000.wav
6.604346990585327,2000,0.0,2709.0,/peak_capture_342_by_threshold_2000.wav
6.6049158573150635,2000,0.0,2726.0,/peak_capture_343_by_threshold_2000.wav
6.605506896972656,2000,0.0,2741.0,/peak_capture_344_by_threshold_2000.wav
6.606051921844482,2000,0.0,2756.0,/peak_capture_345_by_threshold_2000.wav
6.606622934341431,2000,0.0,2770.0,/peak_capture_346_by_threshold_2000.wav
6.607172012329102,2000,0.0,2782.0,/peak_capture_347_by_threshold_2000.wav
6.694941997528076,2000,997.4025974025975,2796.0,/peak_capture_348_by_threshold_2000.wav
6.69619083404541,2000,0.0,2807.0,/peak_capture_349_by_threshold_2000.wav
6.697216987609863,2000,0.0,2818.0,/peak_capture_350_by_threshold_2000.wav
6.697854995727539,2000,997.4025974025975,2829.0,/peak_capture_351_by_threshold_2000.wav
6.698426008224487,2000,0.0,2839.0,/peak_capture_352_by_threshold_2000.wav
6.699046850204468,2000,0.0,2847.0,/peak_capture_353_by_threshold_2000.wav
6.7000579833984375,2000,0.0,2857.0,/peak_capture_354_by_threshold_2000.wav
6.700828790664673,2000,0.0,2864.0,/peak_capture_355_by_threshold_2000.wav
6.789175987243652,2000,1994.805194805195,2871.0,/peak_capture_356_by_threshold_2000.wav
6.790411949157715,2000,0.0,2878.0,/peak_capture_357_by_threshold_2000.wav
6.791590929031372,2000,0.0,2883.0,/peak_capture_358_by_threshold_2000.wav
6.79248309135437,2000,997.4025974025975,2888.0,/peak_capture_359_by_threshold_2000.wav
6.793534994125366,2000,0.0,2892.0,/peak_capture_360_by_threshold_2000.wav
6.794264078140259,2000,997.4025974025975,2894.0,/peak_capture_361_by_threshold_2000.wav
6.794963836669922,2000,0.0,2895.0,/peak_capture_362_by_threshold_2000.wav
6.795633792877197,2000,0.0,2895.0,/peak_capture_363_by_threshold_2000.wav
6.881435871124268,2000,0.0,2894.0,/peak_capture_364_by_threshold_2000.wav
6.882796049118042,2000,0.0,2891.0,/peak_capture_365_by_threshold_2000.wav
6.883741855621338,2000,997.4025974025975,2886.0,/peak_capture_366_by_threshold_2000.wav
6.8845579624176025,2000,0.0,2881.0,/peak_capture_367_by_threshold_2000.wav
6.885561943054199,2000,0.0,2873.0,/peak_capture_368_by_threshold_2000.wav
6.886472940444946,2000,0.0,2865.0,/peak_capture_369_by_threshold_2000.wav
6.8876049518585205,2000,0.0,2853.0,/peak_capture_370_by_threshold_2000.wav
6.888812065124512,2000,0.0,2841.0,/peak_capture_371_by_threshold_2000.wav
6.975238084793091,2000,0.0,2828.0,/peak_capture_372_by_threshold_2000.wav
6.9760260581970215,2000,0.0,2812.0,/peak_capture_373_by_threshold_2000.wav
6.9767680168151855,2000,997.4025974025975,2795.0,/peak_capture_374_by_threshold_2000.wav
6.9774839878082275,2000,997.4025974025975,2778.0,/peak_capture_375_by_threshold_2000.wav
6.97880482673645,2000,0.0,2759.0,/peak_capture_376_by_threshold_2000.wav
6.979858875274658,2000,0.0,2739.0,/peak_capture_377_by_threshold_2000.wav
6.980477809906006,2000,997.4025974025975,2718.0,/peak_capture_378_by_threshold_2000.wav
6.981045961380005,2000,1994.805194805195,2698.0,/peak_capture_379_by_threshold_2000.wav
7.064763784408569,2000,0.0,2676.0,/peak_capture_380_by_threshold_2000.wav
7.066197872161865,2000,0.0,2655.0,/peak_capture_381_by_threshold_2000.wav
7.067292928695679,2000,0.0,2633.0,/peak_capture_382_by_threshold_2000.wav
7.068454742431641,2000,0.0,2612.0,/peak_capture_383_by_threshold_2000.wav
7.069355010986328,2000,0.0,2590.0,/peak_capture_384_by_threshold_2000.wav
7.07007098197937,2000,997.4025974025975,2570.0,/peak_capture_385_by_threshold_2000.wav
7.070769786834717,2000,0.0,2550.0,/peak_capture_386_by_threshold_2000.wav
7.071448087692261,2000,0.0,2530.0,/peak_capture_387_by_threshold_2000.wav
7.072035074234009,2000,0.0,2511.0,/peak_capture_388_by_threshold_2000.wav
7.160229921340942,2000,1994.805194805195,2494.0,/peak_capture_389_by_threshold_2000.wav
7.161744117736816,2000,0.0,2476.0,/peak_capture_390_by_threshold_2000.wav
7.16288685798645,2000,997.4025974025975,2460.0,/peak_capture_391_by_threshold_2000.wav
7.163938045501709,2000,997.4025974025975,2444.0,/peak_capture_392_by_threshold_2000.wav
7.164856910705566,2000,997.4025974025975,2429.0,/peak_capture_393_by_threshold_2000.wav
7.165802001953125,2000,997.4025974025975,2414.0,/peak_capture_394_by_threshold_2000.wav
7.166795015335083,2000,997.4025974025975,2400.0,/peak_capture_395_by_threshold_2000.wav
7.167525768280029,2000,0.0,2386.0,/peak_capture_396_by_threshold_2000.wav
7.249807119369507,2000,0.0,2372.0,/peak_capture_397_by_threshold_2000.wav
7.250669002532959,2000,0.0,2360.0,/peak_capture_398_by_threshold_2000.wav
7.2515928745269775,2000,0.0,2346.0,/peak_capture_399_by_threshold_2000.wav
7.2529520988464355,2000,0.0,2333.0,/peak_capture_400_by_threshold_2000.wav
7.253735780715942,2000,0.0,2320.0,/peak_capture_401_by_threshold_2000.wav
7.254307985305786,2000,0.0,2307.0,/peak_capture_402_by_threshold_2000.wav
7.254845857620239,2000,0.0,2294.0,/peak_capture_403_by_threshold_2000.wav
7.2553870677948,2000,0.0,2279.0,/peak_capture_404_by_threshold_2000.wav
7.2561869621276855,2000,997.4025974025975,2266.0,/peak_capture_405_by_threshold_2000.wav
7.34489107131958,2000,997.4025974025975,2251.0,/peak_capture_406_by_threshold_2000.wav
7.346591949462891,2000,0.0,2236.0,/peak_capture_407_by_threshold_2000.wav
7.347764015197754,2000,0.0,2221.0,/peak_capture_408_by_threshold_2000.wav
7.348714828491211,2000,0.0,2205.0,/peak_capture_409_by_threshold_2000.wav
7.349441051483154,2000,0.0,2188.0,/peak_capture_410_by_threshold_2000.wav
7.350403070449829,2000,0.0,2171.0,/peak_capture_411_by_threshold_2000.wav
7.351203918457031,2000,0.0,2152.0,/peak_capture_412_by_threshold_2000.wav
7.351906061172485,2000,0.0,2133.0,/peak_capture_413_by_threshold_2000.wav
7.437855958938599,2000,0.0,2114.0,/peak_capture_414_by_threshold_2000.wav
7.439121961593628,2000,0.0,2092.0,/peak_capture_415_by_threshold_2000.wav
7.439913988113403,2000,0.0,2071.0,/peak_capture_416_by_threshold_2000.wav
7.440525054931641,2000,997.4025974025975,2048.0,/peak_capture_417_by_threshold_2000.wav
7.441175937652588,2000,997.4025974025975,2024.0,/peak_capture_418_by_threshold_2000.wav
10.050149917602539,1500,1000.0,1502.0,/peak_capture_1_by_threshold_1500.wav
10.050709962844849,1500,0.0,1508.0,/peak_capture_2_by_threshold_1500.wav
10.051036834716797,1500,0.0,1514.0,/peak_capture_3_by_threshold_1500.wav
10.051328897476196,1500,0.0,1520.0,/peak_capture_4_by_threshold_1500.wav
10.051590919494629,1500,0.0,1526.0,/peak_capture_5_by_threshold_1500.wav
10.051848888397217,1500,997.4025974025975,1532.0,/peak_capture_6_by_threshold_1500.wav
10.052112102508545,1500,997.4025974025975,1537.0,/peak_capture_7_by_threshold_1500.wav
10.131520986557007,1500,0.0,1542.0,/peak_capture_8_by_threshold_1500.wav
10.132192850112915,1500,0.0,1547.0,/peak_capture_9_by_threshold_1500.wav
10.132827758789062,1500,0.0,1552.0,/peak_capture_10_by_threshold_1500.wav
10.133141040802002,1500,0.0,1555.0,/peak_capture_11_by_threshold_1500.wav
10.133452892303467,1500,0.0,1560.0,/peak_capture_12_by_threshold_1500.wav
10.133746862411499,1500,0.0,1563.0,/peak_capture_13_by_threshold_1500.wav
10.134033918380737,1500,997.4025974025975,1566.0,/peak_capture_14_by_threshold_1500.wav
10.13432788848877,1500,997.4025974025975,1568.0,/peak_capture_15_by_threshold_1500.wav
10.222831964492798,1500,0.0,1571.0,/peak_capture_16_by_threshold_1500.wav
10.22329592704773,1500,0.0,1572.0,/peak_capture_17_by_threshold_1500.wav
10.223726987838745,1500,0.0,1574.0,/peak_capture_18_by_threshold_1500.wav
10.224320888519287,1500,0.0,1574.0,/peak_capture_19_by_threshold_1500.wav
10.224770069122314,1500,0.0,1576.0,/peak_capture_20_by_threshold_1500.wav
10.225181818008423,1500,0.0,1575.0,/peak_capture_21_by_threshold_1500.wav
10.22563099861145,1500,0.0,1575.0,/peak_capture_22_by_threshold_1500.wav
10.22604489326477,1500,997.4025974025975,1575.0,/peak_capture_23_by_threshold_1500.wav
10.31471586227417,1500,997.4025974025975,1574.0,/peak_capture_24_by_threshold_1500.wav
10.315194129943848,1500,997.4025974025975,1573.0,/peak_capture_25_by_threshold_1500.wav
10.315635919570923,1500,0.0,1573.0,/peak_capture_26_by_threshold_1500.wav
10.316094875335693,1500,0.0,1571.0,/peak_capture_27_by_threshold_1500.wav
10.31653904914856,1500,0.0,1571.0,/peak_capture_28_by_threshold_1500.wav
10.31697392463684,1500,0.0,1570.0,/peak_capture_29_by_threshold_1500.wav
10.317404747009277,1500,0.0,1569.0,/peak_capture_30_by_threshold_1500.wav
10.317846059799194,1500,997.4025974025975,1569.0,/peak_capture_31_by_threshold_1500.wav
10.406255006790161,1500,997.4025974025975,1568.0,/peak_capture_32_by_threshold_1500.wav
10.406566858291626,1500,0.0,1569.0,/peak_capture_33_by_threshold_1500.wav
10.40684199333191,1500,0.0,1569.0,/peak_capture_34_by_threshold_1500.wav
10.40710997581482,1500,0.0,1569.0,/peak_capture_35_by_threshold_1500.wav
10.407362937927246,1500,997.4025974025975,1570.0,/peak_capture_36_by_threshold_1500.wav
10.407597064971924,1500,0.0,1571.0,/peak_capture_37_by_threshold_1500.wav
10.407812118530273,1500,997.4025974025975,1572.0,/peak_capture_38_by_threshold_1500.wav
10.408032894134521,1500,0.0,1573.0,/peak_capture_39_by_threshold_1500.wav
10.40825605392456,1500,0.0,1574.0,/peak_capture_40_by_threshold_1500.wav
10.502212047576904,1500,0.0,1575.0,/peak_capture_41_by_threshold_1500.wav
10.502539873123169,1500,0.0,1577.0,/peak_capture_42_by_threshold_1500.wav
10.502837896347046,1500,0.0,1578.0,/peak_capture_43_by_threshold_1500.wav
10.503103017807007,1500,0.0,1579.0,/peak_capture_44_by_threshold_1500.wav
10.503358840942383,1500,997.4025974025975,1580.0,/peak_capture_45_by_threshold_1500.wav
10.503621101379395,1500,0.0,1581.0,/peak_capture_46_by_threshold_1500.wav
10.503872871398926,1500,0.0,1581.0,/peak_capture_47_by_threshold_1500.wav
10.504122018814087,1500,0.0,1582.0,/peak_capture_48_by_threshold_1500.wav
10.592555046081543,1500,997.4025974025975,1581.0,/peak_capture_49_by_threshold_1500.wav
10.593011856079102,1500,997.4025974025975,1582.0,/peak_capture_50_by_threshold_1500.wav
10.593425750732422,1500,0.0,1581.0,/peak_capture_51_by_threshold_1500.wav
10.593844890594482,1500,997.4025974025975,1581.0,/peak_capture_52_by_threshold_1500.wav
10.594215869903564,1500,1994.805194805195,1579.0,/peak_capture_53_by_threshold_1500.wav
10.594600915908813,1500,997.4025974025975,1578.0,/peak_capture_54_by_threshold_1500.wav
10.59497594833374,1500,997.4025974025975,1577.0,/peak_capture_55_by_threshold_1500.wav
10.5953369140625,1500,0.0,1576.0,/peak_capture_56_by_threshold_1500.wav
10.595654010772705,1500,997.4025974025975,1574.0,/peak_capture_57_by_threshold_1500.wav
10.689480781555176,1500,997.4025974025975,1572.0,/peak_capture_58_by_threshold_1500.wav
10.68981385231018,1500,0.0,1570.0,/peak_capture_59_by_threshold_1500.wav
10.690117120742798,1500,997.4025974025975,1569.0,/peak_capture_60_by_threshold_1500.wav
10.690386772155762,1500,0.0,1567.0,/peak_capture_61_by_threshold_1500.wav
10.690656900405884,1500,1994.805194805195,1566.0,/peak_capture_62_by_threshold_1500.wav
10.690927028656006,1500,0.0,1564.0,/peak_capture_63_by_threshold_1500.wav
10.691198825836182,1500,1994.805194805195,1564.0,/peak_capture_64_by_threshold_1500.wav
10.691462755203247,1500,0.0,1562.0,/peak_capture_65_by_threshold_1500.wav
10.779688835144043,1500,0.0,1562.0,/peak_capture_66_by_threshold_1500.wav
10.780097007751465,1500,0.0,1561.0,/peak_capture_67_by_threshold_1500.wav
10.780455827713013,1500,997.4025974025975,1562.0,/peak_capture_68_by_threshold_1500.wav
10.780796766281128,1500,0.0,1562.0,/peak_capture_69_by_threshold_1500.wav
10.781134128570557,1500,997.4025974025975,1562.0,/peak_capture_70_by_threshold_1500.wav
10.781451940536499,1500,0.0,1563.0,/peak_capture_71_by_threshold_1500.wav
10.781743049621582,1500,997.4025974025975,1564.0,/peak_capture_72_by_threshold_1500.wav
10.782022953033447,1500,0.0,1565.0,/peak_capture_73_by_threshold_1500.wav
10.872409105300903,1500,0.0,1566.0,/peak_capture_74_by_threshold_1500.wav
10.872925996780396,1500,997.4025974025975,1567.0,/peak_capture_75_by_threshold_1500.wav
10.873310804367065,1500,0.0,1568.0,/peak_capture_76_by_threshold_1500.wav
10.873653888702393,1500,0.0,1569.0,/peak_capture_77_by_threshold_1500.wav
10.87399697303772,1500,1994.805194805195,1569.0,/peak_capture_78_by_threshold_1500.wav
10.8743417263031,1500,0.0,1570.0,/peak_capture_79_by_threshold_1500.wav
10.874661922454834,1500,0.0,1570.0,/peak_capture_80_by_threshold_1500.wav
10.874981880187988,1500,997.4025974025975,1570.0,/peak_capture_81_by_threshold_1500.wav
10.96362590789795,1500,0.0,1569.0,/peak_capture_82_by_threshold_1500.wav
10.963885068893433,1500,0.0,1569.0,/peak_capture_83_by_threshold_1500.wav
10.964123010635376,1500,0.0,1567.0,/peak_capture_84_by_threshold_1500.wav
10.96943998336792,1500,0.0,1567.0,/peak_capture_85_by_threshold_1500.wav
10.969691038131714,1500,997.4025974025975,1564.0,/peak_capture_86_by_threshold_1500.wav
10.969937801361084,1500,0.0,1562.0,/peak_capture_87_by_threshold_1500.wav
10.970171928405762,1500,997.4025974025975,1559.0,/peak_capture_88_by_threshold_1500.wav
10.970408916473389,1500,0.0,1557.0,/peak_capture_89_by_threshold_1500.wav
10.9706449508667,1500,997.4025974025975,1553.0,/peak_capture_90_by_threshold_1500.wav
11.056737899780273,1500,0.0,1549.0,/peak_capture_91_by_threshold_1500.wav
11.057103157043457,1500,0.0,1546.0,/peak_capture_92_by_threshold_1500.wav
11.057389974594116,1500,0.0,1542.0,/peak_capture_93_by_threshold_1500.wav
11.057660818099976,1500,0.0,1538.0,/peak_capture_94_by_threshold_1500.wav
11.057949781417847,1500,997.4025974025975,1534.0,/peak_capture_95_by_threshold_1500.wav
11.058211088180542,1500,1994.805194805195,1529.0,/peak_capture_96_by_threshold_1500.wav
11.058464050292969,1500,997.4025974025975,1525.0,/peak_capture_97_by_threshold_1500.wav
11.058712005615234,1500,0.0,1521.0,/peak_capture_98_by_threshold_1500.wav
11.058960914611816,1500,0.0,1517.0,/peak_capture_99_by_threshold_1500.wav
11.152698040008545,1500,0.0,1512.0,/peak_capture_100_by_threshold_1500.wav
11.153100967407227,1500,0.0,1508.0,/peak_capture_101_by_threshold_1500.wav
11.153459787368774,1500,997.4025974025975,1504.0,/peak_capture_102_by_threshold_1500.wav
11.354626893997192,1500,1000.0,1505.0,/peak_capture_103_by_threshold_1500.wav
11.355153799057007,1500,1994.805194805195,1511.0,/peak_capture_104_by_threshold_1500.wav
11.355412006378174,1500,997.4025974025975,1515.0,/peak_capture_105_by_threshold_1500.wav
11.355642080307007,1500,1994.805194805195,1519.0,/peak_capture_106_by_threshold_1500.wav
11.355865001678467,1500,0.0,1521.0,/peak_capture_107_by_threshold_1500.wav
11.430480718612671,1500,997.4025974025975,1522.0,/peak_capture_108_by_threshold_1500.wav
11.430872917175293,1500,997.4025974025975,1522.0,/peak_capture_109_by_threshold_1500.wav
11.431187868118286,1500,997.4025974025975,1520.0,/peak_capture_110_by_threshold_1500.wav
11.431488990783691,1500,3989.61038961039,1516.0,/peak_capture_111_by_threshold_1500.wav
11.43178105354309,1500,997.4025974025975,1511.0,/peak_capture_112_by_threshold_1500.wav
11.432080745697021,1500,997.4025974025975,1505.0,/peak_capture_113_by_threshold_1500.wav
12.022397994995117,1500,500.0,1501.0,/peak_capture_114_by_threshold_1500.wav
12.079617977142334,1500,0.0,1509.0,/peak_capture_115_by_threshold_1500.wav
12.079974889755249,1500,0.0,1515.0,/peak_capture_116_by_threshold_1500.wav
12.080281019210815,1500,0.0,1522.0,/peak_capture_117_by_threshold_1500.wav
12.080580949783325,1500,0.0,1527.0,/peak_capture_118_by_threshold_1500.wav
12.080873012542725,1500,0.0,1533.0,/peak_capture_119_by_threshold_1500.wav
12.081166982650757,1500,0.0,1538.0,/peak_capture_120_by_threshold_1500.wav
12.081453084945679,1500,997.4025974025975,1542.0,/peak_capture_121_by_threshold_1500.wav
12.08173680305481,1500,997.4025974025975,1545.0,/peak_capture_122_by_threshold_1500.wav
12.174577951431274,1500,0.0,1549.0,/peak_capture_123_by_threshold_1500.wav
12.175092935562134,1500,0.0,1551.0,/peak_capture_124_by_threshold_1500.wav
12.175562858581543,1500,0.0,1554.0,/peak_capture_125_by_threshold_1500.wav
12.176022052764893,1500,0.0,1557.0,/peak_capture_126_by_threshold_1500.wav
12.17646312713623,1500,997.4025974025975,1559.0,/peak_capture_127_by_threshold_1500.wav
12.176908016204834,1500,997.4025974025975,1560.0,/peak_capture_128_by_threshold_1500.wav
12.177334070205688,1500,997.4025974025975,1562.0,/peak_capture_129_by_threshold_1500.wav
12.177766799926758,1500,0.0,1565.0,/peak_capture_130_by_threshold_1500.wav
12.17820692062378,1500,0.0,1566.0,/peak_capture_131_by_threshold_1500.wav
12.2676420211792,1500,0.0,1569.0,/peak_capture_132_by_threshold_1500.wav
12.268658876419067,1500,0.0,1571.0,/peak_capture_133_by_threshold_1500.wav
12.269433975219727,1500,0.0,1574.0,/peak_capture_134_by_threshold_1500.wav
12.270178079605103,1500,0.0,1577.0,/peak_capture_135_by_threshold_1500.wav
12.270822763442993,1500,0.0,1580.0,/peak_capture_136_by_threshold_1500.wav
12.271547794342041,1500,997.4025974025975,1584.0,/peak_capture_137_by_threshold_1500.wav
12.272662878036499,1500,997.4025974025975,1588.0,/peak_capture_138_by_threshold_1500.wav
12.27376675605774,1500,0.0,1592.0,/peak_capture_139_by_threshold_1500.wav
12.274534940719604,1500,0.0,1596.0,/peak_capture_140_by_threshold_1500.wav
12.360464811325073,1500,0.0,1601.0,/peak_capture_141_by_threshold_1500.wav
12.361217021942139,1500,0.0,1605.0,/peak_capture_142_by_threshold_1500.wav
12.361852884292603,1500,0.0,1610.0,/peak_capture_143_by_threshold_1500.wav
12.363009929656982,1500,0.0,1615.0,/peak_capture_144_by_threshold_1500.wav
12.36386775970459,1500,0.0,1619.0,/peak_capture_145_by_threshold_1500.wav
12.364466905593872,1500,0.0,1624.0,/peak_capture_146_by_threshold_1500.wav
12.365005016326904,1500,997.4025974025975,1628.0,/peak_capture_147_by_threshold_1500.wav
12.365540981292725,1500,0.0,1633.0,/peak_capture_148_by_threshold_1500.wav
12.452526092529297,1500,0.0,1636.0,/peak_capture_149_by_threshold_1500.wav
12.453118801116943,1500,0.0,1639.0,/peak_capture_150_by_threshold_1500.wav
12.453685998916626,1500,0.0,1642.0,/peak_capture_151_by_threshold_1500.wav
12.45423698425293,1500,0.0,1646.0,/peak_capture_152_by_threshold_1500.wav
12.454768180847168,1500,0.0,1647.0,/peak_capture_153_by_threshold_1500.wav
12.455300092697144,1500,0.0,1650.0,/peak_capture_154_by_threshold_1500.wav
12.455817937850952,1500,997.4025974025975,1652.0,/peak_capture_155_by_threshold_1500.wav
12.456334114074707,1500,0.0,1652.0,/peak_capture_156_by_threshold_1500.wav
12.456872940063477,1500,997.4025974025975,1654.0,/peak_capture_157_by_threshold_1500.wav
12.546108961105347,1500,997.4025974025975,1655.0,/peak_capture_158_by_threshold_1500.wav
12.547301769256592,1500,0.0,1656.0,/peak_capture_159_by_threshold_1500.wav
12.54814887046814,1500,0.0,1656.0,/peak_capture_160_by_threshold_1500.wav
12.548912048339844,1500,0.0,1657.0,/peak_capture_161_by_threshold_1500.wav
12.549596786499023,1500,0.0,1657.0,/peak_capture_162_by_threshold_1500.wav
12.550619125366211,1500,997.4025974025975,1658.0,/peak_capture_163_by_threshold_1500.wav
12.551429986953735,1500,997.4025974025975,1658.0,/peak_capture_164_by_threshold_1500.wav
12.552101850509644,1500,997.4025974025975,1659.0,/peak_capture_165_by_threshold_1500.wav
12.552639961242676,1500,997.4025974025975,1659.0,/peak_capture_166_by_threshold_1500.wav
12.640403985977173,1500,0.0,1659.0,/peak_capture_167_by_threshold_1500.wav
12.641202926635742,1500,0.0,1659.0,/peak_capture_168_by_threshold_1500.wav
12.641945123672485,1500,0.0,1660.0,/peak_capture_169_by_threshold_1500.wav
12.642848014831543,1500,0.0,1660.0,/peak_capture_170_by_threshold_1500.wav
12.643925905227661,1500,0.0,1660.0,/peak_capture_171_by_threshold_1500.wav
12.644688129425049,1500,997.4025974025975,1660.0,/peak_capture_172_by_threshold_1500.wav
12.645445108413696,1500,997.4025974025975,1660.0,/peak_capture_173_by_threshold_1500.wav
12.646152973175049,1500,0.0,1660.0,/peak_capture_174_by_threshold_1500.wav
12.733522891998291,1500,0.0,1659.0,/peak_capture_175_by_threshold_1500.wav
12.734302997589111,1500,0.0,1658.0,/peak_capture_176_by_threshold_1500.wav
12.735078811645508,1500,0.0,1657.0,/peak_capture_177_by_threshold_1500.wav
12.735749006271362,1500,0.0,1656.0,/peak_capture_178_by_threshold_1500.wav
12.736611127853394,1500,0.0,1655.0,/peak_capture_179_by_threshold_1500.wav
12.737473964691162,1500,997.4025974025975,1652.0,/peak_capture_180_by_threshold_1500.wav
12.73851990699768,1500,997.4025974025975,1650.0,/peak_capture_181_by_threshold_1500.wav
12.739346981048584,1500,997.4025974025975,1648.0,/peak_capture_182_by_threshold_1500.wav
12.82595705986023,1500,0.0,1645.0,/peak_capture_183_by_threshold_1500.wav
12.827553987503052,1500,0.0,1642.0,/peak_capture_184_by_threshold_1500.wav
12.828837871551514,1500,0.0,1639.0,/peak_capture_185_by_threshold_1500.wav
12.829859018325806,1500,0.0,1635.0,/peak_capture_186_by_threshold_1500.wav
12.830626010894775,1500,0.0,1631.0,/peak_capture_187_by_threshold_1500.wav
12.831441879272461,1500,0.0,1627.0,/peak_capture_188_by_threshold_1500.wav
12.83248782157898,1500,0.0,1622.0,/peak_capture_189_by_threshold_1500.wav
12.833251953125,1500,997.4025974025975,1618.0,/peak_capture_190_by_threshold_1500.wav
12.83390998840332,1500,0.0,1613.0,/peak_capture_191_by_threshold_1500.wav
12.91618299484253,1500,0.0,1608.0,/peak_capture_192_by_threshold_1500.wav
12.917482852935791,1500,0.0,1603.0,/peak_capture_193_by_threshold_1500.wav
12.918426990509033,1500,0.0,1596.0,/peak_capture_194_by_threshold_1500.wav
12.91926097869873,1500,0.0,1590.0,/peak_capture_195_by_threshold_1500.wav
12.920379161834717,1500,0.0,1584.0,/peak_capture_196_by_threshold_1500.wav
12.921188116073608,1500,0.0,1577.0,/peak_capture_197_by_threshold_1500.wav
12.92194390296936,1500,0.0,1570.0,/peak_capture_198_by_threshold_1500.wav
12.922630071640015,1500,997.4025974025975,1562.0,/peak_capture_199_by_threshold_1500.wav
12.923295021057129,1500,997.4025974025975,1554.0,/peak_capture_200_by_threshold_1500.wav
13.010395765304565,1500,0.0,1546.0,/peak_capture_201_by_threshold_1500.wav
13.01190710067749,1500,0.0,1537.0,/peak_capture_202_by_threshold_1500.wav
13.013008117675781,1500,0.0,1526.0,/peak_capture_203_by_threshold_1500.wav
13.013842821121216,1500,0.0,1517.0,/peak_capture_204_by_threshold_1500.wav
13.014477968215942,1500,0.0,1506.0,/peak_capture_205_by_threshold_1500.wav
14.062899827957153,1500,1000.0,1501.0,/peak_capture_206_by_threshold_1500.wav
14.126370906829834,1500,0.0,1505.0,/peak_capture_207_by_threshold_1500.wav
14.126737833023071,1500,0.0,1510.0,/peak_capture_208_by_threshold_1500.wav
14.127070903778076,1500,0.0,1516.0,/peak_capture_209_by_threshold_1500.wav
14.127403020858765,1500,0.0,1522.0,/peak_capture_210_by_threshold_1500.wav
14.12771987915039,1500,997.4025974025975,1529.0,/peak_capture_211_by_threshold_1500.wav
14.128029823303223,1500,997.4025974025975,1537.0,/peak_capture_212_by_threshold_1500.wav
14.128314971923828,1500,0.0,1544.0,/peak_capture_213_by_threshold_1500.wav
14.12860107421875,1500,997.4025974025975,1553.0,/peak_capture_214_by_threshold_1500.wav
14.215773820877075,1500,0.0,1562.0,/peak_capture_215_by_threshold_1500.wav
14.216089010238647,1500,997.4025974025975,1571.0,/peak_capture_216_by_threshold_1500.wav
14.216362953186035,1500,997.4025974025975,1580.0,/peak_capture_217_by_threshold_1500.wav
14.216627836227417,1500,0.0,1590.0,/peak_capture_218_by_threshold_1500.wav
14.216891765594482,1500,0.0,1599.0,/peak_capture_219_by_threshold_1500.wav
14.217160940170288,1500,0.0,1608.0,/peak_capture_220_by_threshold_1500.wav
14.217419862747192,1500,0.0,1619.0,/peak_capture_221_by_threshold_1500.wav
14.217675924301147,1500,0.0,1627.0,/peak_capture_222_by_threshold_1500.wav
14.217926025390625,1500,0.0,1635.0,/peak_capture_223_by_threshold_1500.wav
14.306931972503662,1500,997.4025974025975,1643.0,/peak_capture_224_by_threshold_1500.wav
14.307263851165771,1500,997.4025974025975,1652.0,/peak_capture_225_by_threshold_1500.wav
14.30755090713501,1500,0.0,1658.0,/peak_capture_226_by_threshold_1500.wav
14.30782413482666,1500,0.0,1664.0,/peak_capture_227_by_threshold_1500.wav
14.308080911636353,1500,0.0,1669.0,/peak_capture_228_by_threshold_1500.wav
14.308345079421997,1500,0.0,1674.0,/peak_capture_229_by_threshold_1500.wav
14.308603763580322,1500,0.0,1677.0,/peak_capture_230_by_threshold_1500.wav
14.30886697769165,1500,0.0,1678.0,/peak_capture_231_by_threshold_1500.wav
14.402185916900635,1500,997.4025974025975,1678.0,/peak_capture_232_by_threshold_1500.wav
14.40256404876709,1500,0.0,1677.0,/peak_capture_233_by_threshold_1500.wav
14.402930974960327,1500,0.0,1675.0,/peak_capture_234_by_threshold_1500.wav
14.40328598022461,1500,0.0,1671.0,/peak_capture_235_by_threshold_1500.wav
14.40362286567688,1500,0.0,1665.0,/peak_capture_236_by_threshold_1500.wav
14.403969049453735,1500,997.4025974025975,1659.0,/peak_capture_237_by_threshold_1500.wav
14.404285907745361,1500,0.0,1650.0,/peak_capture_238_by_threshold_1500.wav
14.40460205078125,1500,0.0,1641.0,/peak_capture_239_by_threshold_1500.wav
14.404921054840088,1500,997.4025974025975,1631.0,/peak_capture_240_by_threshold_1500.wav
14.496732950210571,1500,0.0,1618.0,/peak_capture_241_by_threshold_1500.wav
14.497342824935913,1500,997.4025974025975,1607.0,/peak_capture_242_by_threshold_1500.wav
14.497906923294067,1500,0.0,1594.0,/peak_capture_243_by_threshold_1500.wav
14.498424053192139,1500,0.0,1581.0,/peak_capture_244_by_threshold_1500.wav
14.498868942260742,1500,997.4025974025975,1567.0,/peak_capture_245_by_threshold_1500.wav
14.499324798583984,1500,0.0,1553.0,/peak_capture_246_by_threshold_1500.wav
14.499748945236206,1500,997.4025974025975,1540.0,/peak_capture_247_by_threshold_1500.wav
14.500168800354004,1500,0.0,1527.0,/peak_capture_248_by_threshold_1500.wav
14.590065956115723,1500,0.0,1514.0,/peak_capture_249_by_threshold_1500.wav
14.591022968292236,1500,0.0,1502.0,/peak_capture_250_by_threshold_1500.wav
18.131126880645752,1500,0.0,1502.0,/peak_capture_251_by_threshold_1500.wav
18.131847858428955,1500,997.4025974025975,1511.0,/peak_capture_252_by_threshold_1500.wav
18.132176160812378,1500,997.4025974025975,1519.0,/peak_capture_253_by_threshold_1500.wav
18.132471084594727,1500,0.0,1526.0,/peak_capture_254_by_threshold_1500.wav
18.132750034332275,1500,0.0,1532.0,/peak_capture_255_by_threshold_1500.wav
18.133035898208618,1500,0.0,1538.0,/peak_capture_256_by_threshold_1500.wav
18.20778179168701,1500,0.0,1542.0,/peak_capture_257_by_threshold_1500.wav
18.208208799362183,1500,0.0,1546.0,/peak_capture_258_by_threshold_1500.wav
18.208603143692017,1500,0.0,1548.0,/peak_capture_259_by_threshold_1500.wav
18.209019899368286,1500,0.0,1550.0,/peak_capture_260_by_threshold_1500.wav
18.20940899848938,1500,997.4025974025975,1553.0,/peak_capture_261_by_threshold_1500.wav
18.209784030914307,1500,997.4025974025975,1553.0,/peak_capture_262_by_threshold_1500.wav
18.210113048553467,1500,997.4025974025975,1554.0,/peak_capture_263_by_threshold_1500.wav
18.210450887680054,1500,0.0,1553.0,/peak_capture_264_by_threshold_1500.wav
18.210779905319214,1500,0.0,1554.0,/peak_capture_265_by_threshold_1500.wav
18.304901123046875,1500,0.0,1553.0,/peak_capture_266_by_threshold_1500.wav
18.30568289756775,1500,0.0,1552.0,/peak_capture_267_by_threshold_1500.wav
18.306416034698486,1500,0.0,1550.0,/peak_capture_268_by_threshold_1500.wav
18.307050943374634,1500,0.0,1549.0,/peak_capture_269_by_threshold_1500.wav
18.30764389038086,1500,0.0,1547.0,/peak_capture_270_by_threshold_1500.wav
18.30819606781006,1500,997.4025974025975,1546.0,/peak_capture_271_by_threshold_1500.wav
18.308719158172607,1500,997.4025974025975,1543.0,/peak_capture_272_by_threshold_1500.wav
18.309255838394165,1500,0.0,1541.0,/peak_capture_273_by_threshold_1500.wav
18.397102117538452,1500,0.0,1539.0,/peak_capture_274_by_threshold_1500.wav
18.397943019866943,1500,0.0,1536.0,/peak_capture_275_by_threshold_1500.wav
18.399112939834595,1500,0.0,1532.0,/peak_capture_276_by_threshold_1500.wav
18.40014100074768,1500,0.0,1530.0,/peak_capture_277_by_threshold_1500.wav
18.400871992111206,1500,0.0,1525.0,/peak_capture_278_by_threshold_1500.wav
18.40156102180481,1500,997.4025974025975,1522.0,/peak_capture_279_by_threshold_1500.wav
18.402501106262207,1500,0.0,1518.0,/peak_capture_280_by_threshold_1500.wav
18.403428077697754,1500,1994.805194805195,1514.0,/peak_capture_281_by_threshold_1500.wav
18.490255117416382,1500,0.0,1509.0,/peak_capture_282_by_threshold_1500.wav
18.49119210243225,1500,1994.805194805195,1506.0,/peak_capture_283_by_threshold_1500.wav
18.50737190246582,1500,500.0,1505.0,/peak_capture_284_by_threshold_1500.wav
18.508272171020508,1500,997.4025974025975,1512.0,/peak_capture_285_by_threshold_1500.wav
18.50882601737976,1500,997.4025974025975,1517.0,/peak_capture_286_by_threshold_1500.wav
18.509315013885498,1500,0.0,1523.0,/peak_capture_287_by_threshold_1500.wav
18.58020305633545,1500,0.0,1526.0,/peak_capture_288_by_threshold_1500.wav
18.581069946289062,1500,0.0,1531.0,/peak_capture_289_by_threshold_1500.wav
18.582029104232788,1500,0.0,1534.0,/peak_capture_290_by_threshold_1500.wav
18.5827739238739,1500,0.0,1538.0,/peak_capture_291_by_threshold_1500.wav
18.58409285545349,1500,0.0,1540.0,/peak_capture_292_by_threshold_1500.wav
18.584853887557983,1500,997.4025974025975,1542.0,/peak_capture_293_by_threshold_1500.wav
18.585415840148926,1500,0.0,1544.0,/peak_capture_294_by_threshold_1500.wav
18.585946083068848,1500,0.0,1546.0,/peak_capture_295_by_threshold_1500.wav
18.586480140686035,1500,0.0,1547.0,/peak_capture_296_by_threshold_1500.wav
18.67449188232422,1500,997.4025974025975,1547.0,/peak_capture_297_by_threshold_1500.wav
18.67568302154541,1500,0.0,1547.0,/peak_capture_298_by_threshold_1500.wav
18.676790952682495,1500,997.4025974025975,1547.0,/peak_capture_299_by_threshold_1500.wav
18.677661895751953,1500,997.4025974025975,1546.0,/peak_capture_300_by_threshold_1500.wav
18.67839002609253,1500,997.4025974025975,1546.0,/peak_capture_301_by_threshold_1500.wav
18.679091930389404,1500,997.4025974025975,1545.0,/peak_capture_302_by_threshold_1500.wav
18.67979383468628,1500,0.0,1544.0,/peak_capture_303_by_threshold_1500.wav
18.68042492866516,1500,0.0,1542.0,/peak_capture_304_by_threshold_1500.wav
18.680962085723877,1500,0.0,1540.0,/peak_capture_305_by_threshold_1500.wav
18.768189907073975,1500,997.4025974025975,1539.0,/peak_capture_306_by_threshold_1500.wav
18.769378900527954,1500,997.4025974025975,1536.0,/peak_capture_307_by_threshold_1500.wav
18.770120859146118,1500,0.0,1535.0,/peak_capture_308_by_threshold_1500.wav
18.77127504348755,1500,0.0,1533.0,/peak_capture_309_by_threshold_1500.wav
18.77234411239624,1500,0.0,1530.0,/peak_capture_310_by_threshold_1500.wav
18.77315878868103,1500,0.0,1528.0,/peak_capture_311_by_threshold_1500.wav
18.774173974990845,1500,0.0,1525.0,/peak_capture_312_by_threshold_1500.wav
18.77491593360901,1500,0.0,1522.0,/peak_capture_313_by_threshold_1500.wav
18.861741065979004,1500,0.0,1519.0,/peak_capture_314_by_threshold_1500.wav
18.86272883415222,1500,0.0,1516.0,/peak_capture_315_by_threshold_1500.wav
18.86368989944458,1500,0.0,1512.0,/peak_capture_316_by_threshold_1500.wav
18.864595890045166,1500,0.0,1509.0,/peak_capture_317_by_threshold_1500.wav
18.865314960479736,1500,0.0,1504.0,/peak_capture_318_by_threshold_1500.wav
18.872370958328247,1500,1000.0,1503.0,/peak_capture_319_by_threshold_1500.wav
18.873358964920044,1500,0.0,1509.0,/peak_capture_320_by_threshold_1500.wav
18.873994827270508,1500,0.0,1514.0,/peak_capture_321_by_threshold_1500.wav
18.956741094589233,1500,997.4025974025975,1519.0,/peak_capture_322_by_threshold_1500.wav
18.957674980163574,1500,997.4025974025975,1523.0,/peak_capture_323_by_threshold_1500.wav
18.958331823349,1500,1994.805194805195,1525.0,/peak_capture_324_by_threshold_1500.wav
18.958921909332275,1500,0.0,1528.0,/peak_capture_325_by_threshold_1500.wav
18.959567070007324,1500,1994.805194805195,1529.0,/peak_capture_326_by_threshold_1500.wav
18.960540771484375,1500,997.4025974025975,1529.0,/peak_capture_327_by_threshold_1500.wav
18.96132493019104,1500,0.0,1530.0,/peak_capture_328_by_threshold_1500.wav
18.962004899978638,1500,997.4025974025975,1529.0,/peak_capture_329_by_threshold_1500.wav
19.044302940368652,1500,997.4025974025975,1529.0,/peak_capture_330_by_threshold_1500.wav
19.04512882232666,1500,0.0,1526.0,/peak_capture_331_by_threshold_1500.wav
19.04584002494812,1500,0.0,1524.0,/peak_capture_332_by_threshold_1500.wav
19.046697854995728,1500,0.0,1522.0,/peak_capture_333_by_threshold_1500.wav
19.047456979751587,1500,0.0,1519.0,/peak_capture_334_by_threshold_1500.wav
19.048401832580566,1500,997.4025974025975,1516.0,/peak_capture_335_by_threshold_1500.wav
19.049094915390015,1500,997.4025974025975,1512.0,/peak_capture_336_by_threshold_1500.wav
19.04964303970337,1500,1994.805194805195,1508.0,/peak_capture_337_by_threshold_1500.wav
19.14380383491516,1500,0.0,1504.0,/peak_capture_338_by_threshold_1500.wav
19.146778106689453,1500,679.6460176991151,1502.0,/peak_capture_339_by_threshold_1500.wav
19.14795994758606,1500,1994.805194805195,1518.0,/peak_capture_340_by_threshold_1500.wav
19.148865938186646,1500,0.0,1533.0,/peak_capture_341_by_threshold_1500.wav
19.14981985092163,1500,0.0,1547.0,/peak_capture_342_by_threshold_1500.wav
19.151118993759155,1500,0.0,1561.0,/peak_capture_343_by_threshold_1500.wav
19.152207136154175,1500,0.0,1573.0,/peak_capture_344_by_threshold_1500.wav
19.15299081802368,1500,0.0,1584.0,/peak_capture_345_by_threshold_1500.wav
19.234303951263428,1500,0.0,1594.0,/peak_capture_346_by_threshold_1500.wav
19.234705924987793,1500,0.0,1604.0,/peak_capture_347_by_threshold_1500.wav
19.235053062438965,1500,997.4025974025975,1612.0,/peak_capture_348_by_threshold_1500.wav
19.23538303375244,1500,997.4025974025975,1620.0,/peak_capture_349_by_threshold_1500.wav
19.235713958740234,1500,997.4025974025975,1626.0,/peak_capture_350_by_threshold_1500.wav
19.236042022705078,1500,0.0,1631.0,/peak_capture_351_by_threshold_1500.wav
19.236371994018555,1500,0.0,1636.0,/peak_capture_352_by_threshold_1500.wav
19.236688137054443,1500,0.0,1638.0,/peak_capture_353_by_threshold_1500.wav
19.325155019760132,1500,0.0,1641.0,/peak_capture_354_by_threshold_1500.wav
19.325634002685547,1500,0.0,1642.0,/peak_capture_355_by_threshold_1500.wav
19.3260657787323,1500,0.0,1642.0,/peak_capture_356_by_threshold_1500.wav
19.326512813568115,1500,0.0,1641.0,/peak_capture_357_by_threshold_1500.wav
19.32695198059082,1500,0.0,1640.0,/peak_capture_358_by_threshold_1500.wav
19.32738995552063,1500,1994.805194805195,1637.0,/peak_capture_359_by_threshold_1500.wav
19.327821016311646,1500,0.0,1632.0,/peak_capture_360_by_threshold_1500.wav
19.328261137008667,1500,0.0,1628.0,/peak_capture_361_by_threshold_1500.wav
19.328699827194214,1500,997.4025974025975,1622.0,/peak_capture_362_by_threshold_1500.wav
19.4163498878479,1500,0.0,1616.0,/peak_capture_363_by_threshold_1500.wav
19.417138814926147,1500,0.0,1608.0,/peak_capture_364_by_threshold_1500.wav
19.417606115341187,1500,997.4025974025975,1600.0,/peak_capture_365_by_threshold_1500.wav
19.418012857437134,1500,0.0,1592.0,/peak_capture_366_by_threshold_1500.wav
19.418397903442383,1500,0.0,1582.0,/peak_capture_367_by_threshold_1500.wav
19.418779850006104,1500,0.0,1572.0,/peak_capture_368_by_threshold_1500.wav
19.419157028198242,1500,0.0,1560.0,/peak_capture_369_by_threshold_1500.wav
19.419501066207886,1500,0.0,1549.0,/peak_capture_370_by_threshold_1500.wav
19.51237988471985,1500,997.4025974025975,1537.0,/peak_capture_371_by_threshold_1500.wav
19.513019800186157,1500,997.4025974025975,1524.0,/peak_capture_372_by_threshold_1500.wav
19.5136079788208,1500,1994.805194805195,1510.0,/peak_capture_373_by_threshold_1500.wav
19.518392086029053,1500,2000.0,1501.0,/peak_capture_374_by_threshold_1500.wav
19.519017934799194,1500,997.4025974025975,1514.0,/peak_capture_375_by_threshold_1500.wav
19.519586086273193,1500,0.0,1528.0,/peak_capture_376_by_threshold_1500.wav
19.520030975341797,1500,0.0,1541.0,/peak_capture_377_by_threshold_1500.wav
19.520461082458496,1500,997.4025974025975,1554.0,/peak_capture_378_by_threshold_1500.wav
19.603235006332397,1500,997.4025974025975,1566.0,/peak_capture_379_by_threshold_1500.wav
19.603568077087402,1500,997.4025974025975,1579.0,/peak_capture_380_by_threshold_1500.wav
19.603867053985596,1500,997.4025974025975,1591.0,/peak_capture_381_by_threshold_1500.wav
19.60415506362915,1500,0.0,1603.0,/peak_capture_382_by_threshold_1500.wav
19.60446786880493,1500,0.0,1614.0,/peak_capture_383_by_threshold_1500.wav
19.60476589202881,1500,0.0,1626.0,/peak_capture_384_by_threshold_1500.wav
19.605044841766357,1500,0.0,1637.0,/peak_capture_385_by_threshold_1500.wav
19.6053249835968,1500,0.0,1648.0,/peak_capture_386_by_threshold_1500.wav
19.69996476173401,1500,997.4025974025975,1660.0,/peak_capture_387_by_threshold_1500.wav
19.700597047805786,1500,997.4025974025975,1670.0,/peak_capture_388_by_threshold_1500.wav
19.70118808746338,1500,997.4025974025975,1680.0,/peak_capture_389_by_threshold_1500.wav
19.701761960983276,1500,997.4025974025975,1690.0,/peak_capture_390_by_threshold_1500.wav
19.702332973480225,1500,0.0,1699.0,/peak_capture_391_by_threshold_1500.wav
19.702913999557495,1500,0.0,1707.0,/peak_capture_392_by_threshold_1500.wav
19.703449010849,1500,997.4025974025975,1716.0,/peak_capture_393_by_threshold_1500.wav
19.703969955444336,1500,1994.805194805195,1723.0,/peak_capture_394_by_threshold_1500.wav
19.791960954666138,1500,997.4025974025975,1730.0,/peak_capture_395_by_threshold_1500.wav
19.793015003204346,1500,0.0,1736.0,/peak_capture_396_by_threshold_1500.wav
19.794014930725098,1500,0.0,1741.0,/peak_capture_397_by_threshold_1500.wav
19.79476809501648,1500,0.0,1747.0,/peak_capture_398_by_threshold_1500.wav
19.79549479484558,1500,0.0,1751.0,/peak_capture_399_by_threshold_1500.wav
19.796480894088745,1500,0.0,1755.0,/peak_capture_400_by_threshold_1500.wav
19.797774076461792,1500,0.0,1758.0,/peak_capture_401_by_threshold_1500.wav
19.798868894577026,1500,0.0,1761.0,/peak_capture_402_by_threshold_1500.wav
19.799978017807007,1500,0.0,1763.0,/peak_capture_403_by_threshold_1500.wav
19.881883144378662,1500,0.0,1764.0,/peak_capture_404_by_threshold_1500.wav
19.882940769195557,1500,0.0,1766.0,/peak_capture_405_by_threshold_1500.wav
19.883731842041016,1500,0.0,1767.0,/peak_capture_406_by_threshold_1500.wav
19.884835958480835,1500,0.0,1768.0,/peak_capture_407_by_threshold_1500.wav
19.88564705848694,1500,0.0,1767.0,/peak_capture_408_by_threshold_1500.wav
19.88635802268982,1500,0.0,1767.0,/peak_capture_409_by_threshold_1500.wav
19.887070894241333,1500,0.0,1766.0,/peak_capture_410_by_threshold_1500.wav
19.887762784957886,1500,0.0,1765.0,/peak_capture_411_by_threshold_1500.wav
19.88832402229309,1500,0.0,1765.0,/peak_capture_412_by_threshold_1500.wav
19.97690486907959,1500,0.0,1763.0,/peak_capture_413_by_threshold_1500.wav
19.97856092453003,1500,0.0,1760.0,/peak_capture_414_by_threshold_1500.wav
19.979504108428955,1500,0.0,1759.0,/peak_capture_415_by_threshold_1500.wav
19.980494022369385,1500,0.0,1756.0,/peak_capture_416_by_threshold_1500.wav
19.98150396347046,1500,997.4025974025975,1753.0,/peak_capture_417_by_threshold_1500.wav
19.982295036315918,1500,997.4025974025975,1750.0,/peak_capture_418_by_threshold_1500.wav
19.98286485671997,1500,997.4025974025975,1747.0,/peak_capture_419_by_threshold_1500.wav
19.983386039733887,1500,0.0,1743.0,/peak_capture_420_by_threshold_1500.wav
20.071640014648438,1500,0.0,1739.0,/peak_capture_421_by_threshold_1500.wav
20.072913885116577,1500,0.0,1735.0,/peak_capture_422_by_threshold_1500.wav
20.073878049850464,1500,0.0,1732.0,/peak_capture_423_by_threshold_1500.wav
20.074771881103516,1500,1994.805194805195,1727.0,/peak_capture_424_by_threshold_1500.wav
20.07546591758728,1500,1994.805194805195,1722.0,/peak_capture_425_by_threshold_1500.wav
20.076063871383667,1500,0.0,1718.0,/peak_capture_426_by_threshold_1500.wav
20.076777935028076,1500,0.0,1712.0,/peak_capture_427_by_threshold_1500.wav
20.077899932861328,1500,0.0,1707.0,/peak_capture_428_by_threshold_1500.wav
20.161727905273438,1500,997.4025974025975,1703.0,/peak_capture_429_by_threshold_1500.wav
20.162956953048706,1500,0.0,1698.0,/peak_capture_430_by_threshold_1500.wav
20.164066076278687,1500,0.0,1693.0,/peak_capture_431_by_threshold_1500.wav
20.16434597969055,1500,997.4025974025975,1687.0,/peak_capture_432_by_threshold_1500.wav
20.16455912590027,1500,1994.805194805195,1683.0,/peak_capture_433_by_threshold_1500.wav
20.164767026901245,1500,997.4025974025975,1678.0,/peak_capture_434_by_threshold_1500.wav
20.16496205329895,1500,997.4025974025975,1673.0,/peak_capture_435_by_threshold_1500.wav
20.165149927139282,1500,0.0,1668.0,/peak_capture_436_by_threshold_1500.wav
20.165337085723877,1500,0.0,1664.0,/peak_capture_437_by_threshold_1500.wav
20.255582809448242,1500,0.0,1659.0,/peak_capture_438_by_threshold_1500.wav
20.256738901138306,1500,0.0,1655.0,/peak_capture_439_by_threshold_1500.wav
20.257544994354248,1500,0.0,1650.0,/peak_capture_440_by_threshold_1500.wav
20.25825309753418,1500,997.4025974025975,1647.0,/peak_capture_441_by_threshold_1500.wav
20.25907611846924,1500,0.0,1643.0,/peak_capture_442_by_threshold_1500.wav
20.25995898246765,1500,0.0,1639.0,/peak_capture_443_by_threshold_1500.wav
20.260649919509888,1500,0.0,1635.0,/peak_capture_444_by_threshold_1500.wav
20.26133394241333,1500,0.0,1633.0,/peak_capture_445_by_threshold_1500.wav
20.2620210647583,1500,0.0,1630.0,/peak_capture_446_by_threshold_1500.wav
20.348112106323242,1500,0.0,1627.0,/peak_capture_447_by_threshold_1500.wav
20.34964394569397,1500,0.0,1624.0,/peak_capture_448_by_threshold_1500.wav
20.350927114486694,1500,997.4025974025975,1622.0,/peak_capture_449_by_threshold_1500.wav
20.352229118347168,1500,1994.805194805195,1620.0,/peak_capture_450_by_threshold_1500.wav
20.35324478149414,1500,0.0,1619.0,/peak_capture_451_by_threshold_1500.wav
20.35432481765747,1500,0.0,1617.0,/peak_capture_452_by_threshold_1500.wav
20.355207920074463,1500,0.0,1616.0,/peak_capture_453_by_threshold_1500.wav
20.35596203804016,1500,0.0,1615.0,/peak_capture_454_by_threshold_1500.wav
20.442598819732666,1500,0.0,1614.0,/peak_capture_455_by_threshold_1500.wav
20.442930936813354,1500,0.0,1614.0,/peak_capture_456_by_threshold_1500.wav
20.44323492050171,1500,997.4025974025975,1613.0,/peak_capture_457_by_threshold_1500.wav
20.44352889060974,1500,997.4025974025975,1613.0,/peak_capture_458_by_threshold_1500.wav
20.443816900253296,1500,997.4025974025975,1612.0,/peak_capture_459_by_threshold_1500.wav
20.444133758544922,1500,0.0,1611.0,/peak_capture_460_by_threshold_1500.wav
20.44442391395569,1500,1994.805194805195,1609.0,/peak_capture_461_by_threshold_1500.wav
20.444720029830933,1500,0.0,1609.0,/peak_capture_462_by_threshold_1500.wav
20.531529903411865,1500,0.0,1607.0,/peak_capture_463_by_threshold_1500.wav
20.531964778900146,1500,0.0,1605.0,/peak_capture_464_by_threshold_1500.wav
20.53260588645935,1500,997.4025974025975,1603.0,/peak_capture_465_by_threshold_1500.wav
20.5329909324646,1500,1994.805194805195,1601.0,/peak_capture_466_by_threshold_1500.wav
20.533390998840332,1500,1994.805194805195,1598.0,/peak_capture_467_by_threshold_1500.wav
20.533769845962524,1500,997.4025974025975,1595.0,/peak_capture_468_by_threshold_1500.wav
20.53413701057434,1500,997.4025974025975,1591.0,/peak_capture_469_by_threshold_1500.wav
20.5345299243927,1500,0.0,1587.0,/peak_capture_470_by_threshold_1500.wav
20.534900903701782,1500,997.4025974025975,1583.0,/peak_capture_471_by_threshold_1500.wav
20.62832999229431,1500,1994.805194805195,1578.0,/peak_capture_472_by_threshold_1500.wav
20.629117965698242,1500,997.4025974025975,1574.0,/peak_capture_473_by_threshold_1500.wav
20.62979507446289,1500,0.0,1569.0,/peak_capture_474_by_threshold_1500.wav
20.63035011291504,1500,0.0,1565.0,/peak_capture_475_by_threshold_1500.wav
20.630889892578125,1500,0.0,1560.0,/peak_capture_476_by_threshold_1500.wav
20.63141918182373,1500,997.4025974025975,1555.0,/peak_capture_477_by_threshold_1500.wav
20.631934881210327,1500,0.0,1550.0,/peak_capture_478_by_threshold_1500.wav
20.632493019104004,1500,0.0,1545.0,/peak_capture_479_by_threshold_1500.wav
20.720611095428467,1500,997.4025974025975,1540.0,/peak_capture_480_by_threshold_1500.wav
20.722096920013428,1500,0.0,1534.0,/peak_capture_481_by_threshold_1500.wav
20.723329067230225,1500,0.0,1530.0,/peak_capture_482_by_threshold_1500.wav
20.72461700439453,1500,0.0,1524.0,/peak_capture_483_by_threshold_1500.wav
20.725684881210327,1500,0.0,1519.0,/peak_capture_484_by_threshold_1500.wav
20.726783990859985,1500,0.0,1513.0,/peak_capture_485_by_threshold_1500.wav
20.727977991104126,1500,0.0,1507.0,/peak_capture_486_by_threshold_1500.wav
20.72876477241516,1500,0.0,1501.0,/peak_capture_487_by_threshold_1500.wav
20.73061490058899,1500,500.0,1504.0,/peak_capture_488_by_threshold_1500.wav
20.814032793045044,1500,997.4025974025975,1510.0,/peak_capture_489_by_threshold_1500.wav
20.815347909927368,1500,997.4025974025975,1518.0,/peak_capture_490_by_threshold_1500.wav
20.816584825515747,1500,997.4025974025975,1525.0,/peak_capture_491_by_threshold_1500.wav
20.817301988601685,1500,997.4025974025975,1531.0,/peak_capture_492_by_threshold_1500.wav
20.817994832992554,1500,0.0,1537.0,/peak_capture_493_by_threshold_1500.wav
20.819087028503418,1500,997.4025974025975,1543.0,/peak_capture_494_by_threshold_1500.wav
20.81995701789856,1500,997.4025974025975,1548.0,/peak_capture_495_by_threshold_1500.wav
20.82069993019104,1500,997.4025974025975,1554.0,/peak_capture_496_by_threshold_1500.wav
20.90795111656189,1500,0.0,1559.0,/peak_capture_497_by_threshold_1500.wav
20.909185886383057,1500,0.0,1565.0,/peak_capture_498_by_threshold_1500.wav
20.91011095046997,1500,0.0,1569.0,/peak_capture_499_by_threshold_1500.wav
20.910972833633423,1500,0.0,1574.0,/peak_capture_500_by_threshold_1500.wav
20.911688804626465,1500,997.4025974025975,1579.0,/peak_capture_501_by_threshold_1500.wav
20.912415027618408,1500,997.4025974025975,1584.0,/peak_capture_502_by_threshold_1500.wav
20.913347005844116,1500,1994.805194805195,1589.0,/peak_capture_503_by_threshold_1500.wav
20.91409683227539,1500,997.4025974025975,1594.0,/peak_capture_504_by_threshold_1500.wav
21.00126004219055,1500,997.4025974025975,1600.0,/peak_capture_505_by_threshold_1500.wav
21.00303888320923,1500,0.0,1605.0,/peak_capture_506_by_threshold_1500.wav
21.004339933395386,1500,0.0,1610.0,/peak_capture_507_by_threshold_1500.wav
21.005491971969604,1500,997.4025974025975,1615.0,/peak_capture_508_by_threshold_1500.wav
21.006515979766846,1500,997.4025974025975,1621.0,/peak_capture_509_by_threshold_1500.wav
21.007633924484253,1500,997.4025974025975,1627.0,/peak_capture_510_by_threshold_1500.wav
21.008388996124268,1500,997.4025974025975,1633.0,/peak_capture_511_by_threshold_1500.wav
21.00901699066162,1500,0.0,1639.0,/peak_capture_512_by_threshold_1500.wav
21.092087984085083,1500,0.0,1645.0,/peak_capture_513_by_threshold_1500.wav
21.093348026275635,1500,0.0,1651.0,/peak_capture_514_by_threshold_1500.wav
21.094514846801758,1500,0.0,1658.0,/peak_capture_515_by_threshold_1500.wav
21.095218896865845,1500,997.4025974025975,1665.0,/peak_capture_516_by_threshold_1500.wav
21.095919132232666,1500,997.4025974025975,1672.0,/peak_capture_517_by_threshold_1500.wav
21.097093105316162,1500,0.0,1679.0,/peak_capture_518_by_threshold_1500.wav
21.097999095916748,1500,0.0,1686.0,/peak_capture_519_by_threshold_1500.wav
21.098971843719482,1500,997.4025974025975,1693.0,/peak_capture_520_by_threshold_1500.wav
21.182373046875,1500,0.0,1701.0,/peak_capture_521_by_threshold_1500.wav
21.183876991271973,1500,0.0,1708.0,/peak_capture_522_by_threshold_1500.wav
21.1851749420166,1500,0.0,1715.0,/peak_capture_523_by_threshold_1500.wav
21.185944080352783,1500,0.0,1723.0,/peak_capture_524_by_threshold_1500.wav
21.18655514717102,1500,997.4025974025975,1731.0,/peak_capture_525_by_threshold_1500.wav
21.1871018409729,1500,0.0,1737.0,/peak_capture_526_by_threshold_1500.wav
21.187649965286255,1500,997.4025974025975,1745.0,/peak_capture_527_by_threshold_1500.wav
21.18819785118103,1500,997.4025974025975,1751.0,/peak_capture_528_by_threshold_1500.wav
21.188730001449585,1500,0.0,1757.0,/peak_capture_529_by_threshold_1500.wav
21.27839684486389,1500,997.4025974025975,1763.0,/peak_capture_530_by_threshold_1500.wav
21.27961015701294,1500,0.0,1769.0,/peak_capture_531_by_threshold_1500.wav
21.280964136123657,1500,0.0,1774.0,/peak_capture_532_by_threshold_1500.wav
21.281848907470703,1500,0.0,1778.0,/peak_capture_533_by_threshold_1500.wav
21.282850980758667,1500,1994.805194805195,1782.0,/peak_capture_534_by_threshold_1500.wav
21.283908128738403,1500,1994.805194805195,1784.0,/peak_capture_535_by_threshold_1500.wav
21.284645080566406,1500,997.4025974025975,1788.0,/peak_capture_536_by_threshold_1500.wav
21.28532600402832,1500,0.0,1789.0,/peak_capture_537_by_threshold_1500.wav
21.36833691596985,1500,1994.805194805195,1790.0,/peak_capture_538_by_threshold_1500.wav
21.36966300010681,1500,997.4025974025975,1791.0,/peak_capture_539_by_threshold_1500.wav
21.37095808982849,1500,0.0,1791.0,/peak_capture_540_by_threshold_1500.wav
21.37190079689026,1500,9974.025974025975,1791.0,/peak_capture_541_by_threshold_1500.wav
21.372517824172974,1500,0.0,1791.0,/peak_capture_542_by_threshold_1500.wav
21.373579025268555,1500,0.0,1790.0,/peak_capture_543_by_threshold_1500.wav
21.37438201904297,1500,997.4025974025975,1789.0,/peak_capture_544_by_threshold_1500.wav
21.374997854232788,1500,0.0,1788.0,/peak_capture_545_by_threshold_1500.wav
21.37553095817566,1500,0.0,1785.0,/peak_capture_546_by_threshold_1500.wav
21.46081304550171,1500,997.4025974025975,1784.0,/peak_capture_547_by_threshold_1500.wav
21.462471961975098,1500,0.0,1781.0,/peak_capture_548_by_threshold_1500.wav
21.46356987953186,1500,1994.805194805195,1779.0,/peak_capture_549_by_threshold_1500.wav
21.464622974395752,1500,0.0,1777.0,/peak_capture_550_by_threshold_1500.wav
21.465456008911133,1500,0.0,1773.0,/peak_capture_551_by_threshold_1500.wav
21.46617102622986,1500,0.0,1770.0,/peak_capture_552_by_threshold_1500.wav
21.466732025146484,1500,997.4025974025975,1767.0,/peak_capture_553_by_threshold_1500.wav
21.467249870300293,1500,997.4025974025975,1763.0,/peak_capture_554_by_threshold_1500.wav
21.467780113220215,1500,0.0,1760.0,/peak_capture_555_by_threshold_1500.wav
21.55743408203125,1500,0.0,1755.0,/peak_capture_556_by_threshold_1500.wav
21.558669090270996,1500,997.4025974025975,1752.0,/peak_capture_557_by_threshold_1500.wav
21.559787034988403,1500,0.0,1746.0,/peak_capture_558_by_threshold_1500.wav
21.560669898986816,1500,0.0,1742.0,/peak_capture_559_by_threshold_1500.wav
21.56141209602356,1500,997.4025974025975,1736.0,/peak_capture_560_by_threshold_1500.wav
21.561961889266968,1500,0.0,1730.0,/peak_capture_561_by_threshold_1500.wav
21.562480926513672,1500,997.4025974025975,1725.0,/peak_capture_562_by_threshold_1500.wav
21.56299376487732,1500,0.0,1719.0,/peak_capture_563_by_threshold_1500.wav
21.646737813949585,1500,0.0,1712.0,/peak_capture_564_by_threshold_1500.wav
21.647160053253174,1500,1994.805194805195,1706.0,/peak_capture_565_by_threshold_1500.wav
21.647560834884644,1500,0.0,1699.0,/peak_capture_566_by_threshold_1500.wav
21.647986888885498,1500,0.0,1691.0,/peak_capture_567_by_threshold_1500.wav
21.64837098121643,1500,997.4025974025975,1685.0,/peak_capture_568_by_threshold_1500.wav
21.64875102043152,1500,0.0,1678.0,/peak_capture_569_by_threshold_1500.wav
21.649122953414917,1500,1994.805194805195,1670.0,/peak_capture_570_by_threshold_1500.wav
21.649499893188477,1500,0.0,1663.0,/peak_capture_571_by_threshold_1500.wav
21.738222122192383,1500,0.0,1656.0,/peak_capture_572_by_threshold_1500.wav
21.73930788040161,1500,0.0,1648.0,/peak_capture_573_by_threshold_1500.wav
21.74037194252014,1500,0.0,1641.0,/peak_capture_574_by_threshold_1500.wav
21.74138116836548,1500,997.4025974025975,1633.0,/peak_capture_575_by_threshold_1500.wav
21.74233889579773,1500,997.4025974025975,1626.0,/peak_capture_576_by_threshold_1500.wav
21.743096113204956,1500,0.0,1618.0,/peak_capture_577_by_threshold_1500.wav
21.74375605583191,1500,997.4025974025975,1611.0,/peak_capture_578_by_threshold_1500.wav
21.744282007217407,1500,0.0,1604.0,/peak_capture_579_by_threshold_1500.wav
21.744829893112183,1500,0.0,1597.0,/peak_capture_580_by_threshold_1500.wav
21.83354687690735,1500,0.0,1589.0,/peak_capture_581_by_threshold_1500.wav
21.834628105163574,1500,0.0,1583.0,/peak_capture_582_by_threshold_1500.wav
21.83562994003296,1500,997.4025974025975,1576.0,/peak_capture_583_by_threshold_1500.wav
21.836652994155884,1500,0.0,1570.0,/peak_capture_584_by_threshold_1500.wav
21.837393760681152,1500,0.0,1563.0,/peak_capture_585_by_threshold_1500.wav
21.838041067123413,1500,0.0,1557.0,/peak_capture_586_by_threshold_1500.wav
21.838680028915405,1500,0.0,1551.0,/peak_capture_587_by_threshold_1500.wav
21.83934998512268,1500,997.4025974025975,1545.0,/peak_capture_588_by_threshold_1500.wav
21.840349912643433,1500,0.0,1539.0,/peak_capture_589_by_threshold_1500.wav
21.927634954452515,1500,2992.2077922077924,1533.0,/peak_capture_590_by_threshold_1500.wav
21.92863893508911,1500,997.4025974025975,1526.0,/peak_capture_591_by_threshold_1500.wav
21.929532766342163,1500,0.0,1521.0,/peak_capture_592_by_threshold_1500.wav
21.930299758911133,1500,0.0,1513.0,/peak_capture_593_by_threshold_1500.wav
21.93112277984619,1500,0.0,1507.0,/peak_capture_594_by_threshold_1500.wav
21.9325909614563,1500,500.0,1504.0,/peak_capture_595_by_threshold_1500.wav
21.93370795249939,1500,997.4025974025975,1507.0,/peak_capture_596_by_threshold_1500.wav
21.934630870819092,1500,997.4025974025975,1509.0,/peak_capture_597_by_threshold_1500.wav
22.021771907806396,1500,0.0,1511.0,/peak_capture_598_by_threshold_1500.wav
22.022743940353394,1500,0.0,1513.0,/peak_capture_599_by_threshold_1500.wav
22.023503065109253,1500,0.0,1514.0,/peak_capture_600_by_threshold_1500.wav
22.024242877960205,1500,0.0,1515.0,/peak_capture_601_by_threshold_1500.wav
22.024877071380615,1500,0.0,1514.0,/peak_capture_602_by_threshold_1500.wav
22.025711059570312,1500,0.0,1515.0,/peak_capture_603_by_threshold_1500.wav
22.026787996292114,1500,0.0,1514.0,/peak_capture_604_by_threshold_1500.wav
22.027714014053345,1500,0.0,1514.0,/peak_capture_605_by_threshold_1500.wav
22.116302013397217,1500,0.0,1513.0,/peak_capture_606_by_threshold_1500.wav
22.1177761554718,1500,0.0,1512.0,/peak_capture_607_by_threshold_1500.wav
22.118585109710693,1500,0.0,1510.0,/peak_capture_608_by_threshold_1500.wav
22.11934494972229,1500,1994.805194805195,1510.0,/peak_capture_609_by_threshold_1500.wav
22.12019395828247,1500,0.0,1509.0,/peak_capture_610_by_threshold_1500.wav
22.121031761169434,1500,0.0,1506.0,/peak_capture_611_by_threshold_1500.wav
22.121702909469604,1500,997.4025974025975,1506.0,/peak_capture_612_by_threshold_1500.wav
22.12224292755127,1500,0.0,1504.0,/peak_capture_613_by_threshold_1500.wav
22.204702854156494,1500,997.4025974025975,1503.0,/peak_capture_614_by_threshold_1500.wav
22.205965995788574,1500,0.0,1501.0,/peak_capture_615_by_threshold_1500.wav
22.207212924957275,1500,0.0,1503.0,/peak_capture_616_by_threshold_1500.wav
22.208106994628906,1500,997.4025974025975,1505.0,/peak_capture_617_by_threshold_1500.wav
22.209115743637085,1500,997.4025974025975,1508.0,/peak_capture_618_by_threshold_1500.wav
22.209905862808228,1500,997.4025974025975,1510.0,/peak_capture_619_by_threshold_1500.wav
22.210541009902954,1500,0.0,1511.0,/peak_capture_620_by_threshold_1500.wav
22.2110698223114,1500,997.4025974025975,1511.0,/peak_capture_621_by_threshold_1500.wav
22.300132036209106,1500,0.0,1512.0,/peak_capture_622_by_threshold_1500.wav
22.30112600326538,1500,997.4025974025975,1512.0,/peak_capture_623_by_threshold_1500.wav
22.30200695991516,1500,0.0,1512.0,/peak_capture_624_by_threshold_1500.wav
22.30273675918579,1500,997.4025974025975,1511.0,/peak_capture_625_by_threshold_1500.wav
22.30346393585205,1500,997.4025974025975,1511.0,/peak_capture_626_by_threshold_1500.wav
22.30441904067993,1500,1994.805194805195,1509.0,/peak_capture_627_by_threshold_1500.wav
22.305294036865234,1500,0.0,1507.0,/peak_capture_628_by_threshold_1500.wav
22.306001901626587,1500,0.0,1505.0,/peak_capture_629_by_threshold_1500.wav
22.39355492591858,1500,0.0,1502.0,/peak_capture_630_by_threshold_1500.wav
24.253772974014282,2500,1500.0,2510.0,/peak_capture_1_by_threshold_2500.wav
24.254276037216187,2500,1994.805194805195,2519.0,/peak_capture_2_by_threshold_2500.wav
24.254512071609497,2500,0.0,2528.0,/peak_capture_3_by_threshold_2500.wav
24.254709005355835,2500,0.0,2535.0,/peak_capture_4_by_threshold_2500.wav
24.254907846450806,2500,997.4025974025975,2542.0,/peak_capture_5_by_threshold_2500.wav
24.255105018615723,2500,1994.805194805195,2545.0,/peak_capture_6_by_threshold_2500.wav
24.25530219078064,2500,997.4025974025975,2547.0,/peak_capture_7_by_threshold_2500.wav
24.34089684486389,2500,997.4025974025975,2548.0,/peak_capture_8_by_threshold_2500.wav
24.341270923614502,2500,997.4025974025975,2547.0,/peak_capture_9_by_threshold_2500.wav
24.341596841812134,2500,997.4025974025975,2545.0,/peak_capture_10_by_threshold_2500.wav
24.341919898986816,2500,0.0,2540.0,/peak_capture_11_by_threshold_2500.wav
24.342224836349487,2500,997.4025974025975,2535.0,/peak_capture_12_by_threshold_2500.wav
24.342517852783203,2500,0.0,2529.0,/peak_capture_13_by_threshold_2500.wav
24.34280014038086,2500,997.4025974025975,2520.0,/peak_capture_14_by_threshold_2500.wav
24.343077898025513,2500,0.0,2510.0,/peak_capture_15_by_threshold_2500.wav
24.431206941604614,2500,1532.9341317365272,2510.0,/peak_capture_16_by_threshold_2500.wav
24.43152093887329,2500,0.0,2520.0,/peak_capture_17_by_threshold_2500.wav
24.43177604675293,2500,0.0,2531.0,/peak_capture_18_by_threshold_2500.wav
24.43203091621399,2500,2992.2077922077924,2539.0,/peak_capture_19_by_threshold_2500.wav
24.432265996932983,2500,0.0,2546.0,/peak_capture_20_by_threshold_2500.wav
24.437564849853516,2500,997.4025974025975,2552.0,/peak_capture_21_by_threshold_2500.wav
24.437801837921143,2500,997.4025974025975,2557.0,/peak_capture_22_by_threshold_2500.wav
24.438037872314453,2500,0.0,2559.0,/peak_capture_23_by_threshold_2500.wav
24.5264151096344,2500,0.0,2561.0,/peak_capture_24_by_threshold_2500.wav
24.526843070983887,2500,0.0,2561.0,/peak_capture_25_by_threshold_2500.wav
24.5272319316864,2500,0.0,2559.0,/peak_capture_26_by_threshold_2500.wav
24.52761173248291,2500,0.0,2555.0,/peak_capture_27_by_threshold_2500.wav
24.5280020236969,2500,0.0,2550.0,/peak_capture_28_by_threshold_2500.wav
24.528336763381958,2500,0.0,2541.0,/peak_capture_29_by_threshold_2500.wav
24.528656005859375,2500,0.0,2533.0,/peak_capture_30_by_threshold_2500.wav
24.528976917266846,2500,0.0,2520.0,/peak_capture_31_by_threshold_2500.wav
24.61675214767456,2500,0.0,2506.0,/peak_capture_32_by_threshold_2500.wav
26.300968885421753,2500,500.0,2505.0,/peak_capture_33_by_threshold_2500.wav
26.301592111587524,2500,0.0,2522.0,/peak_capture_34_by_threshold_2500.wav
26.30190396308899,2500,1994.805194805195,2540.0,/peak_capture_35_by_threshold_2500.wav
26.30217695236206,2500,997.4025974025975,2555.0,/peak_capture_36_by_threshold_2500.wav
26.302436113357544,2500,1994.805194805195,2569.0,/peak_capture_37_by_threshold_2500.wav
26.302690029144287,2500,1994.805194805195,2582.0,/peak_capture_38_by_threshold_2500.wav
26.30295181274414,2500,0.0,2594.0,/peak_capture_39_by_threshold_2500.wav
26.38319206237793,2500,0.0,2605.0,/peak_capture_40_by_threshold_2500.wav
26.383633852005005,2500,0.0,2615.0,/peak_capture_41_by_threshold_2500.wav
26.38404393196106,2500,0.0,2624.0,/peak_capture_42_by_threshold_2500.wav
26.384424924850464,2500,0.0,2632.0,/peak_capture_43_by_threshold_2500.wav
26.38479518890381,2500,997.4025974025975,2640.0,/peak_capture_44_by_threshold_2500.wav
26.385169744491577,2500,0.0,2647.0,/peak_capture_45_by_threshold_2500.wav
26.3855299949646,2500,0.0,2653.0,/peak_capture_46_by_threshold_2500.wav
26.38590407371521,2500,0.0,2660.0,/peak_capture_47_by_threshold_2500.wav
26.474879026412964,2500,0.0,2666.0,/peak_capture_48_by_threshold_2500.wav
26.4756178855896,2500,0.0,2672.0,/peak_capture_49_by_threshold_2500.wav
26.47628688812256,2500,0.0,2677.0,/peak_capture_50_by_threshold_2500.wav
26.476938009262085,2500,0.0,2683.0,/peak_capture_51_by_threshold_2500.wav
26.47753381729126,2500,997.4025974025975,2688.0,/peak_capture_52_by_threshold_2500.wav
26.47805905342102,2500,997.4025974025975,2693.0,/peak_capture_53_by_threshold_2500.wav
26.478579998016357,2500,997.4025974025975,2698.0,/peak_capture_54_by_threshold_2500.wav
26.47909712791443,2500,0.0,2702.0,/peak_capture_55_by_threshold_2500.wav
26.479604959487915,2500,997.4025974025975,2706.0,/peak_capture_56_by_threshold_2500.wav
26.572391986846924,2500,0.0,2711.0,/peak_capture_57_by_threshold_2500.wav
26.573243856430054,2500,0.0,2714.0,/peak_capture_58_by_threshold_2500.wav
26.57402014732361,2500,0.0,2718.0,/peak_capture_59_by_threshold_2500.wav
26.574753046035767,2500,0.0,2721.0,/peak_capture_60_by_threshold_2500.wav
26.575510025024414,2500,0.0,2724.0,/peak_capture_61_by_threshold_2500.wav
26.576475858688354,2500,997.4025974025975,2725.0,/peak_capture_62_by_threshold_2500.wav
26.57759189605713,2500,997.4025974025975,2727.0,/peak_capture_63_by_threshold_2500.wav
26.578715801239014,2500,0.0,2729.0,/peak_capture_64_by_threshold_2500.wav
26.66205096244812,2500,0.0,2730.0,/peak_capture_65_by_threshold_2500.wav
26.663330078125,2500,0.0,2730.0,/peak_capture_66_by_threshold_2500.wav
26.664232969284058,2500,997.4025974025975,2730.0,/peak_capture_67_by_threshold_2500.wav
26.664939880371094,2500,0.0,2729.0,/peak_capture_68_by_threshold_2500.wav
26.665649890899658,2500,0.0,2728.0,/peak_capture_69_by_threshold_2500.wav
26.666322946548462,2500,0.0,2727.0,/peak_capture_70_by_threshold_2500.wav
26.66702890396118,2500,0.0,2724.0,/peak_capture_71_by_threshold_2500.wav
26.668267965316772,2500,0.0,2722.0,/peak_capture_72_by_threshold_2500.wav
26.75632882118225,2500,0.0,2719.0,/peak_capture_73_by_threshold_2500.wav
26.75730299949646,2500,0.0,2715.0,/peak_capture_74_by_threshold_2500.wav
26.75798487663269,2500,0.0,2711.0,/peak_capture_75_by_threshold_2500.wav
26.758667945861816,2500,0.0,2706.0,/peak_capture_76_by_threshold_2500.wav
26.759286880493164,2500,0.0,2700.0,/peak_capture_77_by_threshold_2500.wav
26.7598819732666,2500,0.0,2695.0,/peak_capture_78_by_threshold_2500.wav
26.76066780090332,2500,0.0,2688.0,/peak_capture_79_by_threshold_2500.wav
26.761781930923462,2500,0.0,2680.0,/peak_capture_80_by_threshold_2500.wav
26.850112915039062,2500,997.4025974025975,2672.0,/peak_capture_81_by_threshold_2500.wav
26.85093903541565,2500,997.4025974025975,2663.0,/peak_capture_82_by_threshold_2500.wav
26.85173988342285,2500,997.4025974025975,2653.0,/peak_capture_83_by_threshold_2500.wav
26.852494955062866,2500,0.0,2642.0,/peak_capture_84_by_threshold_2500.wav
26.85337996482849,2500,0.0,2631.0,/peak_capture_85_by_threshold_2500.wav
26.854317903518677,2500,0.0,2619.0,/peak_capture_86_by_threshold_2500.wav
26.855288982391357,2500,0.0,2606.0,/peak_capture_87_by_threshold_2500.wav
26.85635781288147,2500,0.0,2592.0,/peak_capture_88_by_threshold_2500.wav
26.9389910697937,2500,0.0,2578.0,/peak_capture_89_by_threshold_2500.wav
26.940284967422485,2500,0.0,2562.0,/peak_capture_90_by_threshold_2500.wav
26.941356897354126,2500,997.4025974025975,2547.0,/peak_capture_91_by_threshold_2500.wav
26.94208598136902,2500,997.4025974025975,2530.0,/peak_capture_92_by_threshold_2500.wav
26.942682027816772,2500,0.0,2514.0,/peak_capture_93_by_threshold_2500.wav
27.316591024398804,2500,500.0,2506.0,/peak_capture_94_by_threshold_2500.wav
27.317250967025757,2500,0.0,2523.0,/peak_capture_95_by_threshold_2500.wav
27.3175790309906,2500,0.0,2539.0,/peak_capture_96_by_threshold_2500.wav
27.317863941192627,2500,0.0,2553.0,/peak_capture_97_by_threshold_2500.wav
27.318149089813232,2500,0.0,2566.0,/peak_capture_98_by_threshold_2500.wav
27.318410873413086,2500,0.0,2577.0,/peak_capture_99_by_threshold_2500.wav
27.318673849105835,2500,0.0,2588.0,/peak_capture_100_by_threshold_2500.wav
27.404709100723267,2500,0.0,2597.0,/peak_capture_101_by_threshold_2500.wav
27.405156135559082,2500,997.4025974025975,2604.0,/peak_capture_102_by_threshold_2500.wav
27.405576944351196,2500,0.0,2611.0,/peak_capture_103_by_threshold_2500.wav
27.40596604347229,2500,1994.805194805195,2615.0,/peak_capture_104_by_threshold_2500.wav
27.406347036361694,2500,0.0,2620.0,/peak_capture_105_by_threshold_2500.wav
27.406900882720947,2500,997.4025974025975,2622.0,/peak_capture_106_by_threshold_2500.wav
27.40727710723877,2500,997.4025974025975,2623.0,/peak_capture_107_by_threshold_2500.wav
27.407660007476807,2500,0.0,2623.0,/peak_capture_108_by_threshold_2500.wav
27.40803599357605,2500,997.4025974025975,2623.0,/peak_capture_109_by_threshold_2500.wav
27.49660301208496,2500,0.0,2621.0,/peak_capture_110_by_threshold_2500.wav
27.497159957885742,2500,0.0,2618.0,/peak_capture_111_by_threshold_2500.wav
27.497702836990356,2500,997.4025974025975,2615.0,/peak_capture_112_by_threshold_2500.wav
27.4982168674469,2500,0.0,2611.0,/peak_capture_113_by_threshold_2500.wav
27.49874496459961,2500,0.0,2607.0,/peak_capture_114_by_threshold_2500.wav
27.499271869659424,2500,1994.805194805195,2601.0,/peak_capture_115_by_threshold_2500.wav
27.499778032302856,2500,0.0,2595.0,/peak_capture_116_by_threshold_2500.wav
27.500240802764893,2500,1994.805194805195,2590.0,/peak_capture_117_by_threshold_2500.wav
27.50066089630127,2500,0.0,2583.0,/peak_capture_118_by_threshold_2500.wav
27.59523606300354,2500,997.4025974025975,2576.0,/peak_capture_119_by_threshold_2500.wav
27.59638500213623,2500,0.0,2569.0,/peak_capture_120_by_threshold_2500.wav
27.59724497795105,2500,0.0,2561.0,/peak_capture_121_by_threshold_2500.wav
27.597924947738647,2500,1994.805194805195,2554.0,/peak_capture_122_by_threshold_2500.wav
27.598604917526245,2500,0.0,2545.0,/peak_capture_123_by_threshold_2500.wav
27.599201917648315,2500,997.4025974025975,2537.0,/peak_capture_124_by_threshold_2500.wav
27.60006594657898,2500,1994.805194805195,2528.0,/peak_capture_125_by_threshold_2500.wav
27.600908994674683,2500,997.4025974025975,2519.0,/peak_capture_126_by_threshold_2500.wav
27.684350967407227,2500,997.4025974025975,2509.0,/peak_capture_127_by_threshold_2500.wav
27.686666011810303,2500,1097.142857142857,2505.0,/peak_capture_128_by_threshold_2500.wav
27.687903881072998,2500,0.0,2510.0,/peak_capture_129_by_threshold_2500.wav
27.688535928726196,2500,0.0,2514.0,/peak_capture_130_by_threshold_2500.wav
27.68954110145569,2500,0.0,2517.0,/peak_capture_131_by_threshold_2500.wav
27.69028401374817,2500,0.0,2519.0,/peak_capture_132_by_threshold_2500.wav
27.690912008285522,2500,997.4025974025975,2522.0,/peak_capture_133_by_threshold_2500.wav
27.691431760787964,2500,997.4025974025975,2523.0,/peak_capture_134_by_threshold_2500.wav
27.77774477005005,2500,0.0,2524.0,/peak_capture_135_by_threshold_2500.wav
27.778803825378418,2500,997.4025974025975,2525.0,/peak_capture_136_by_threshold_2500.wav
27.779767990112305,2500,0.0,2524.0,/peak_capture_137_by_threshold_2500.wav
27.780527114868164,2500,0.0,2523.0,/peak_capture_138_by_threshold_2500.wav
27.781230926513672,2500,997.4025974025975,2521.0,/peak_capture_139_by_threshold_2500.wav
27.782135009765625,2500,997.4025974025975,2519.0,/peak_capture_140_by_threshold_2500.wav
27.782927989959717,2500,0.0,2516.0,/peak_capture_141_by_threshold_2500.wav
27.783621072769165,2500,0.0,2512.0,/peak_capture_142_by_threshold_2500.wav
27.784190893173218,2500,0.0,2508.0,/peak_capture_143_by_threshold_2500.wav
27.872539043426514,2500,0.0,2503.0,/peak_capture_144_by_threshold_2500.wav
28.343650102615356,2500,2000.0,2504.0,/peak_capture_145_by_threshold_2500.wav
28.344193935394287,2500,1994.805194805195,2521.0,/peak_capture_146_by_threshold_2500.wav
28.344507932662964,2500,0.0,2539.0,/peak_capture_147_by_threshold_2500.wav
28.34479308128357,2500,997.4025974025975,2555.0,/peak_capture_148_by_threshold_2500.wav
28.345058917999268,2500,0.0,2571.0,/peak_capture_149_by_threshold_2500.wav
28.34532403945923,2500,0.0,2586.0,/peak_capture_150_by_threshold_2500.wav
28.345592975616455,2500,0.0,2600.0,/peak_capture_151_by_threshold_2500.wav
28.345848083496094,2500,997.4025974025975,2613.0,/peak_capture_152_by_threshold_2500.wav
28.426562070846558,2500,997.4025974025975,2625.0,/peak_capture_153_by_threshold_2500.wav
28.426973819732666,2500,997.4025974025975,2636.0,/peak_capture_154_by_threshold_2500.wav
28.427377939224243,2500,0.0,2646.0,/peak_capture_155_by_threshold_2500.wav
28.427767992019653,2500,0.0,2654.0,/peak_capture_156_by_threshold_2500.wav
28.428159952163696,2500,0.0,2661.0,/peak_capture_157_by_threshold_2500.wav
28.4285569190979,2500,0.0,2666.0,/peak_capture_158_by_threshold_2500.wav
28.428920030593872,2500,0.0,2672.0,/peak_capture_159_by_threshold_2500.wav
28.429285764694214,2500,997.4025974025975,2674.0,/peak_capture_160_by_threshold_2500.wav
28.5190589427948,2500,997.4025974025975,2677.0,/peak_capture_161_by_threshold_2500.wav
28.52037811279297,2500,0.0,2678.0,/peak_capture_162_by_threshold_2500.wav
28.522084951400757,2500,0.0,2678.0,/peak_capture_163_by_threshold_2500.wav
28.522931814193726,2500,0.0,2676.0,/peak_capture_164_by_threshold_2500.wav
28.52353310585022,2500,0.0,2673.0,/peak_capture_165_by_threshold_2500.wav
28.524094820022583,2500,0.0,2671.0,/peak_capture_166_by_threshold_2500.wav
28.524738073349,2500,0.0,2666.0,/peak_capture_167_by_threshold_2500.wav
28.525411128997803,2500,0.0,2661.0,/peak_capture_168_by_threshold_2500.wav
28.52600073814392,2500,997.4025974025975,2656.0,/peak_capture_169_by_threshold_2500.wav
28.614481925964355,2500,997.4025974025975,2649.0,/peak_capture_170_by_threshold_2500.wav
28.615992069244385,2500,997.4025974025975,2643.0,/peak_capture_171_by_threshold_2500.wav
28.61689281463623,2500,0.0,2636.0,/peak_capture_172_by_threshold_2500.wav
28.617606163024902,2500,0.0,2628.0,/peak_capture_173_by_threshold_2500.wav
28.618343830108643,2500,0.0,2621.0,/peak_capture_174_by_threshold_2500.wav
28.61954402923584,2500,0.0,2612.0,/peak_capture_175_by_threshold_2500.wav
28.620342016220093,2500,997.4025974025975,2604.0,/peak_capture_176_by_threshold_2500.wav
28.621068954467773,2500,0.0,2595.0,/peak_capture_177_by_threshold_2500.wav
28.70976996421814,2500,997.4025974025975,2587.0,/peak_capture_178_by_threshold_2500.wav
28.711217880249023,2500,997.4025974025975,2578.0,/peak_capture_179_by_threshold_2500.wav
28.71233296394348,2500,0.0,2569.0,/peak_capture_180_by_threshold_2500.wav
28.713515043258667,2500,1994.805194805195,2560.0,/peak_capture_181_by_threshold_2500.wav
28.714555025100708,2500,1994.805194805195,2551.0,/peak_capture_182_by_threshold_2500.wav
28.71490716934204,2500,0.0,2541.0,/peak_capture_183_by_threshold_2500.wav
28.715158939361572,2500,1994.805194805195,2532.0,/peak_capture_184_by_threshold_2500.wav
28.715402841567993,2500,0.0,2522.0,/peak_capture_185_by_threshold_2500.wav
28.797497034072876,2500,0.0,2512.0,/peak_capture_186_by_threshold_2500.wav
28.798721075057983,2500,0.0,2501.0,/peak_capture_187_by_threshold_2500.wav
29.368923902511597,2500,1000.0,2504.0,/peak_capture_188_by_threshold_2500.wav
29.36943292617798,2500,997.4025974025975,2507.0,/peak_capture_189_by_threshold_2500.wav
29.369714975357056,2500,0.0,2509.0,/peak_capture_190_by_threshold_2500.wav
29.370052099227905,2500,997.4025974025975,2510.0,/peak_capture_191_by_threshold_2500.wav
29.37033700942993,2500,997.4025974025975,2510.0,/peak_capture_192_by_threshold_2500.wav
29.370594024658203,2500,997.4025974025975,2508.0,/peak_capture_193_by_threshold_2500.wav
29.451764822006226,2500,997.4025974025975,2505.0,/peak_capture_194_by_threshold_2500.wav
29.45203995704651,2500,1994.805194805195,2502.0,/peak_capture_195_by_threshold_2500.wav
30.317520141601562,2500,1000.0,2505.0,/peak_capture_196_by_threshold_2500.wav
30.318580865859985,2500,0.0,2521.0,/peak_capture_197_by_threshold_2500.wav
30.374693870544434,2500,0.0,2535.0,/peak_capture_198_by_threshold_2500.wav
30.37498116493225,2500,0.0,2547.0,/peak_capture_199_by_threshold_2500.wav
30.375235080718994,2500,0.0,2556.0,/peak_capture_200_by_threshold_2500.wav
30.375482082366943,2500,997.4025974025975,2563.0,/peak_capture_201_by_threshold_2500.wav
30.375722885131836,2500,997.4025974025975,2568.0,/peak_capture_202_by_threshold_2500.wav
30.375963926315308,2500,1994.805194805195,2570.0,/peak_capture_203_by_threshold_2500.wav
30.376199960708618,2500,0.0,2569.0,/peak_capture_204_by_threshold_2500.wav
30.376432180404663,2500,0.0,2566.0,/peak_capture_205_by_threshold_2500.wav
30.37666392326355,2500,0.0,2561.0,/peak_capture_206_by_threshold_2500.wav
30.47126793861389,2500,0.0,2553.0,/peak_capture_207_by_threshold_2500.wav
30.47167682647705,2500,997.4025974025975,2543.0,/peak_capture_208_by_threshold_2500.wav
30.47204303741455,2500,997.4025974025975,2531.0,/peak_capture_209_by_threshold_2500.wav
30.472402811050415,2500,0.0,2517.0,/peak_capture_210_by_threshold_2500.wav
30.472745895385742,2500,0.0,2501.0,/peak_capture_211_by_threshold_2500.wav
30.67122793197632,2500,1000.0,2506.0,/peak_capture_212_by_threshold_2500.wav
30.671936988830566,2500,0.0,2522.0,/peak_capture_213_by_threshold_2500.wav
30.672259092330933,2500,997.4025974025975,2537.0,/peak_capture_214_by_threshold_2500.wav
30.67255401611328,2500,997.4025974025975,2552.0,/peak_capture_215_by_threshold_2500.wav
30.672833919525146,2500,0.0,2565.0,/peak_capture_216_by_threshold_2500.wav
30.673115015029907,2500,997.4025974025975,2579.0,/peak_capture_217_by_threshold_2500.wav
30.75261378288269,2500,0.0,2591.0,/peak_capture_218_by_threshold_2500.wav
30.7530460357666,2500,0.0,2602.0,/peak_capture_219_by_threshold_2500.wav
30.753432035446167,2500,0.0,2614.0,/peak_capture_220_by_threshold_2500.wav
30.753838062286377,2500,0.0,2625.0,/peak_capture_221_by_threshold_2500.wav
30.754241943359375,2500,0.0,2633.0,/peak_capture_222_by_threshold_2500.wav
30.75464177131653,2500,0.0,2643.0,/peak_capture_223_by_threshold_2500.wav
30.755008935928345,2500,0.0,2651.0,/peak_capture_224_by_threshold_2500.wav
30.7553870677948,2500,997.4025974025975,2659.0,/peak_capture_225_by_threshold_2500.wav
30.84497880935669,2500,997.4025974025975,2666.0,/peak_capture_226_by_threshold_2500.wav
30.84581184387207,2500,0.0,2673.0,/peak_capture_227_by_threshold_2500.wav
30.846543073654175,2500,997.4025974025975,2679.0,/peak_capture_228_by_threshold_2500.wav
30.847764015197754,2500,0.0,2685.0,/peak_capture_229_by_threshold_2500.wav
30.8485689163208,2500,0.0,2688.0,/peak_capture_230_by_threshold_2500.wav
30.84927201271057,2500,997.4025974025975,2693.0,/peak_capture_231_by_threshold_2500.wav
30.849937915802002,2500,0.0,2696.0,/peak_capture_232_by_threshold_2500.wav
30.850600957870483,2500,997.4025974025975,2698.0,/peak_capture_233_by_threshold_2500.wav
30.938117027282715,2500,997.4025974025975,2700.0,/peak_capture_234_by_threshold_2500.wav
30.93917989730835,2500,997.4025974025975,2700.0,/peak_capture_235_by_threshold_2500.wav
30.94026279449463,2500,0.0,2700.0,/peak_capture_236_by_threshold_2500.wav
30.94110417366028,2500,0.0,2698.0,/peak_capture_237_by_threshold_2500.wav
30.94179081916809,2500,0.0,2696.0,/peak_capture_238_by_threshold_2500.wav
30.9423611164093,2500,997.4025974025975,2692.0,/peak_capture_239_by_threshold_2500.wav
30.942911863327026,2500,0.0,2688.0,/peak_capture_240_by_threshold_2500.wav
30.943448066711426,2500,0.0,2681.0,/peak_capture_241_by_threshold_2500.wav
31.03194499015808,2500,997.4025974025975,2675.0,/peak_capture_242_by_threshold_2500.wav
31.03301692008972,2500,0.0,2667.0,/peak_capture_243_by_threshold_2500.wav
31.03419280052185,2500,997.4025974025975,2659.0,/peak_capture_244_by_threshold_2500.wav
31.035003900527954,2500,0.0,2648.0,/peak_capture_245_by_threshold_2500.wav
31.0361750125885,2500,0.0,2638.0,/peak_capture_246_by_threshold_2500.wav
31.03695797920227,2500,997.4025974025975,2627.0,/peak_capture_247_by_threshold_2500.wav
31.03751802444458,2500,0.0,2614.0,/peak_capture_248_by_threshold_2500.wav
31.03805899620056,2500,1994.805194805195,2601.0,/peak_capture_249_by_threshold_2500.wav
31.12100887298584,2500,0.0,2587.0,/peak_capture_250_by_threshold_2500.wav
31.12274193763733,2500,1994.805194805195,2572.0,/peak_capture_251_by_threshold_2500.wav
31.123512983322144,2500,997.4025974025975,2557.0,/peak_capture_252_by_threshold_2500.wav
31.124209880828857,2500,0.0,2541.0,/peak_capture_253_by_threshold_2500.wav
31.124873876571655,2500,0.0,2524.0,/peak_capture_254_by_threshold_2500.wav
31.125514030456543,2500,997.4025974025975,2506.0,/peak_capture_255_by_threshold_2500.wav
31.34529399871826,2500,1000.0,2510.0,/peak_capture_256_by_threshold_2500.wav
31.40252113342285,2500,997.4025974025975,2524.0,/peak_capture_257_by_threshold_2500.wav
31.40288782119751,2500,997.4025974025975,2538.0,/peak_capture_258_by_threshold_2500.wav
31.40322494506836,2500,997.4025974025975,2551.0,/peak_capture_259_by_threshold_2500.wav
31.403549909591675,2500,997.4025974025975,2564.0,/peak_capture_260_by_threshold_2500.wav
31.40388298034668,2500,0.0,2574.0,/peak_capture_261_by_threshold_2500.wav
31.404212951660156,2500,997.4025974025975,2585.0,/peak_capture_262_by_threshold_2500.wav
31.40452814102173,2500,997.4025974025975,2593.0,/peak_capture_263_by_threshold_2500.wav
31.404848098754883,2500,0.0,2601.0,/peak_capture_264_by_threshold_2500.wav
31.49187397956848,2500,0.0,2609.0,/peak_capture_265_by_threshold_2500.wav
31.492506980895996,2500,997.4025974025975,2615.0,/peak_capture_266_by_threshold_2500.wav
31.493051767349243,2500,0.0,2621.0,/peak_capture_267_by_threshold_2500.wav
31.493623971939087,2500,0.0,2626.0,/peak_capture_268_by_threshold_2500.wav
31.49419903755188,2500,0.0,2631.0,/peak_capture_269_by_threshold_2500.wav
31.494717836380005,2500,0.0,2635.0,/peak_capture_270_by_threshold_2500.wav
31.495161056518555,2500,997.4025974025975,2640.0,/peak_capture_271_by_threshold_2500.wav
31.495589017868042,2500,997.4025974025975,2644.0,/peak_capture_272_by_threshold_2500.wav
31.584624767303467,2500,0.0,2649.0,/peak_capture_273_by_threshold_2500.wav
31.58575987815857,2500,0.0,2653.0,/peak_capture_274_by_threshold_2500.wav
31.587092876434326,2500,997.4025974025975,2657.0,/peak_capture_275_by_threshold_2500.wav
31.5879008769989,2500,0.0,2662.0,/peak_capture_276_by_threshold_2500.wav
31.5885910987854,2500,997.4025974025975,2667.0,/peak_capture_277_by_threshold_2500.wav
31.589126110076904,2500,0.0,2673.0,/peak_capture_278_by_threshold_2500.wav
31.589656114578247,2500,0.0,2677.0,/peak_capture_279_by_threshold_2500.wav
31.590183973312378,2500,997.4025974025975,2684.0,/peak_capture_280_by_threshold_2500.wav
31.59070897102356,2500,1994.805194805195,2689.0,/peak_capture_281_by_threshold_2500.wav
31.67911696434021,2500,0.0,2696.0,/peak_capture_282_by_threshold_2500.wav
31.680174112319946,2500,997.4025974025975,2703.0,/peak_capture_283_by_threshold_2500.wav
31.68108892440796,2500,0.0,2709.0,/peak_capture_284_by_threshold_2500.wav
31.681981801986694,2500,997.4025974025975,2715.0,/peak_capture_285_by_threshold_2500.wav
31.682837963104248,2500,997.4025974025975,2723.0,/peak_capture_286_by_threshold_2500.wav
31.683727979660034,2500,997.4025974025975,2729.0,/peak_capture_287_by_threshold_2500.wav
31.684916973114014,2500,997.4025974025975,2737.0,/peak_capture_288_by_threshold_2500.wav
31.685747861862183,2500,997.4025974025975,2744.0,/peak_capture_289_by_threshold_2500.wav
31.774646043777466,2500,997.4025974025975,2750.0,/peak_capture_290_by_threshold_2500.wav
31.776129961013794,2500,997.4025974025975,2758.0,/peak_capture_291_by_threshold_2500.wav
31.777268886566162,2500,0.0,2766.0,/peak_capture_292_by_threshold_2500.wav
31.77831792831421,2500,0.0,2773.0,/peak_capture_293_by_threshold_2500.wav
31.779315948486328,2500,0.0,2780.0,/peak_capture_294_by_threshold_2500.wav
31.780378103256226,2500,0.0,2787.0,/peak_capture_295_by_threshold_2500.wav
31.781535863876343,2500,0.0,2795.0,/peak_capture_296_by_threshold_2500.wav
31.782427072525024,2500,0.0,2801.0,/peak_capture_297_by_threshold_2500.wav
31.865392923355103,2500,1994.805194805195,2808.0,/peak_capture_298_by_threshold_2500.wav
31.866450786590576,2500,1994.805194805195,2814.0,/peak_capture_299_by_threshold_2500.wav
31.867210865020752,2500,0.0,2818.0,/peak_capture_300_by_threshold_2500.wav
31.86786985397339,2500,997.4025974025975,2824.0,/peak_capture_301_by_threshold_2500.wav
31.86848497390747,2500,0.0,2827.0,/peak_capture_302_by_threshold_2500.wav
31.869094848632812,2500,0.0,2830.0,/peak_capture_303_by_threshold_2500.wav
31.869786977767944,2500,0.0,2832.0,/peak_capture_304_by_threshold_2500.wav
31.87090301513672,2500,997.4025974025975,2832.0,/peak_capture_305_by_threshold_2500.wav
31.958539962768555,2500,0.0,2831.0,/peak_capture_306_by_threshold_2500.wav
31.95933985710144,2500,997.4025974025975,2830.0,/peak_capture_307_by_threshold_2500.wav
31.960063934326172,2500,997.4025974025975,2827.0,/peak_capture_308_by_threshold_2500.wav
31.961102962493896,2500,0.0,2822.0,/peak_capture_309_by_threshold_2500.wav
31.962007999420166,2500,0.0,2816.0,/peak_capture_310_by_threshold_2500.wav
31.962698936462402,2500,997.4025974025975,2810.0,/peak_capture_311_by_threshold_2500.wav
31.963237047195435,2500,997.4025974025975,2801.0,/peak_capture_312_by_threshold_2500.wav
31.963765859603882,2500,997.4025974025975,2792.0,/peak_capture_313_by_threshold_2500.wav
32.05192279815674,2500,0.0,2782.0,/peak_capture_314_by_threshold_2500.wav
32.05308389663696,2500,0.0,2772.0,/peak_capture_315_by_threshold_2500.wav
32.05405783653259,2500,0.0,2760.0,/peak_capture_316_by_threshold_2500.wav
32.05524802207947,2500,0.0,2748.0,/peak_capture_317_by_threshold_2500.wav
32.05605697631836,2500,997.4025974025975,2735.0,/peak_capture_318_by_threshold_2500.wav
32.05679106712341,2500,1994.805194805195,2723.0,/peak_capture_319_by_threshold_2500.wav
32.05747890472412,2500,0.0,2709.0,/peak_capture_320_by_threshold_2500.wav
32.0581591129303,2500,997.4025974025975,2696.0,/peak_capture_321_by_threshold_2500.wav
32.145545959472656,2500,997.4025974025975,2684.0,/peak_capture_322_by_threshold_2500.wav
32.14678597450256,2500,0.0,2670.0,/peak_capture_323_by_threshold_2500.wav
32.147809982299805,2500,0.0,2658.0,/peak_capture_324_by_threshold_2500.wav
32.14867401123047,2500,1994.805194805195,2644.0,/peak_capture_325_by_threshold_2500.wav
32.14950180053711,2500,0.0,2632.0,/peak_capture_326_by_threshold_2500.wav
32.15040683746338,2500,997.4025974025975,2620.0,/peak_capture_327_by_threshold_2500.wav
32.15139985084534,2500,997.4025974025975,2607.0,/peak_capture_328_by_threshold_2500.wav
32.15215992927551,2500,997.4025974025975,2596.0,/peak_capture_329_by_threshold_2500.wav
32.23391580581665,2500,997.4025974025975,2584.0,/peak_capture_330_by_threshold_2500.wav
32.235047817230225,2500,1994.805194805195,2573.0,/peak_capture_331_by_threshold_2500.wav
32.235862016677856,2500,997.4025974025975,2562.0,/peak_capture_332_by_threshold_2500.wav
32.23652195930481,2500,0.0,2551.0,/peak_capture_333_by_threshold_2500.wav
32.2371461391449,2500,997.4025974025975,2541.0,/peak_capture_334_by_threshold_2500.wav
32.2377347946167,2500,997.4025974025975,2531.0,/peak_capture_335_by_threshold_2500.wav
32.23851490020752,2500,0.0,2521.0,/peak_capture_336_by_threshold_2500.wav
32.23965787887573,2500,0.0,2511.0,/peak_capture_337_by_threshold_2500.wav
32.24045419692993,2500,997.4025974025975,2502.0,/peak_capture_338_by_threshold_2500.wav
32.374472856521606,2500,2000.0,2523.0,/peak_capture_339_by_threshold_2500.wav
32.37512993812561,2500,1994.805194805195,2557.0,/peak_capture_340_by_threshold_2500.wav
32.37551307678223,2500,997.4025974025975,2585.0,/peak_capture_341_by_threshold_2500.wav
32.419098138809204,2500,1994.805194805195,2611.0,/peak_capture_342_by_threshold_2500.wav
32.41953086853027,2500,997.4025974025975,2631.0,/peak_capture_343_by_threshold_2500.wav
32.419922828674316,2500,997.4025974025975,2650.0,/peak_capture_344_by_threshold_2500.wav
32.42029309272766,2500,997.4025974025975,2663.0,/peak_capture_345_by_threshold_2500.wav
32.42065501213074,2500,1994.805194805195,2674.0,/peak_capture_346_by_threshold_2500.wav
32.421029806137085,2500,0.0,2681.0,/peak_capture_347_by_threshold_2500.wav
32.42139196395874,2500,0.0,2687.0,/peak_capture_348_by_threshold_2500.wav
32.421751976013184,2500,1994.805194805195,2688.0,/peak_capture_349_by_threshold_2500.wav
32.51756477355957,2500,0.0,2688.0,/peak_capture_350_by_threshold_2500.wav
32.51843190193176,2500,1994.805194805195,2684.0,/peak_capture_351_by_threshold_2500.wav
32.51916313171387,2500,997.4025974025975,2679.0,/peak_capture_352_by_threshold_2500.wav
32.520283937454224,2500,0.0,2671.0,/peak_capture_353_by_threshold_2500.wav
32.52112412452698,2500,0.0,2661.0,/peak_capture_354_by_threshold_2500.wav
32.52207899093628,2500,0.0,2650.0,/peak_capture_355_by_threshold_2500.wav
32.522799015045166,2500,0.0,2637.0,/peak_capture_356_by_threshold_2500.wav
32.52344083786011,2500,0.0,2621.0,/peak_capture_357_by_threshold_2500.wav
32.610071897506714,2500,1994.805194805195,2605.0,/peak_capture_358_by_threshold_2500.wav
32.611496925354004,2500,0.0,2586.0,/peak_capture_359_by_threshold_2500.wav
32.61264991760254,2500,997.4025974025975,2567.0,/peak_capture_360_by_threshold_2500.wav
32.6137969493866,2500,997.4025974025975,2545.0,/peak_capture_361_by_threshold_2500.wav
32.61477589607239,2500,1994.805194805195,2523.0,/peak_capture_362_by_threshold_2500.wav
32.61779975891113,2500,2000.0,2526.0,/peak_capture_363_by_threshold_2500.wav
32.6185519695282,2500,997.4025974025975,2563.0,/peak_capture_364_by_threshold_2500.wav
32.619131088256836,2500,0.0,2598.0,/peak_capture_365_by_threshold_2500.wav
32.70276880264282,2500,997.4025974025975,2632.0,/peak_capture_366_by_threshold_2500.wav
32.703593015670776,2500,0.0,2666.0,/peak_capture_367_by_threshold_2500.wav
32.70430302619934,2500,997.4025974025975,2698.0,/peak_capture_368_by_threshold_2500.wav
32.704925775527954,2500,997.4025974025975,2729.0,/peak_capture_369_by_threshold_2500.wav
32.70551586151123,2500,997.4025974025975,2760.0,/peak_capture_370_by_threshold_2500.wav
32.70642614364624,2500,997.4025974025975,2788.0,/peak_capture_371_by_threshold_2500.wav
32.70736312866211,2500,997.4025974025975,2815.0,/peak_capture_372_by_threshold_2500.wav
32.70810008049011,2500,997.4025974025975,2840.0,/peak_capture_373_by_threshold_2500.wav
32.79350280761719,2500,0.0,2865.0,/peak_capture_374_by_threshold_2500.wav
32.79474091529846,2500,997.4025974025975,2887.0,/peak_capture_375_by_threshold_2500.wav
32.795674085617065,2500,0.0,2907.0,/peak_capture_376_by_threshold_2500.wav
32.79641389846802,2500,0.0,2926.0,/peak_capture_377_by_threshold_2500.wav
32.79713988304138,2500,0.0,2943.0,/peak_capture_378_by_threshold_2500.wav
32.79826092720032,2500,0.0,2958.0,/peak_capture_379_by_threshold_2500.wav
32.79898500442505,2500,0.0,2971.0,/peak_capture_380_by_threshold_2500.wav
32.799633741378784,2500,0.0,2982.0,/peak_capture_381_by_threshold_2500.wav
32.88811993598938,2500,0.0,2992.0,/peak_capture_382_by_threshold_2500.wav
32.88912582397461,2500,1994.805194805195,3001.0,/peak_capture_383_by_threshold_2500.wav
32.890076875686646,2500,0.0,3007.0,/peak_capture_384_by_threshold_2500.wav
32.89089608192444,2500,0.0,3012.0,/peak_capture_385_by_threshold_2500.wav
32.8916118144989,2500,0.0,3016.0,/peak_capture_386_by_threshold_2500.wav
32.89259195327759,2500,997.4025974025975,3017.0,/peak_capture_387_by_threshold_2500.wav
32.89344501495361,2500,0.0,3018.0,/peak_capture_388_by_threshold_2500.wav
32.89412498474121,2500,997.4025974025975,3017.0,/peak_capture_389_by_threshold_2500.wav
32.981703758239746,2500,997.4025974025975,3014.0,/peak_capture_390_by_threshold_2500.wav
32.98293590545654,2500,0.0,3010.0,/peak_capture_391_by_threshold_2500.wav
32.98403000831604,2500,0.0,3005.0,/peak_capture_392_by_threshold_2500.wav
32.98485994338989,2500,0.0,2996.0,/peak_capture_393_by_threshold_2500.wav
32.98565602302551,2500,0.0,2988.0,/peak_capture_394_by_threshold_2500.wav
32.98638296127319,2500,997.4025974025975,2976.0,/peak_capture_395_by_threshold_2500.wav
32.9871609210968,2500,997.4025974025975,2962.0,/peak_capture_396_by_threshold_2500.wav
32.988219022750854,2500,997.4025974025975,2945.0,/peak_capture_397_by_threshold_2500.wav
33.07189702987671,2500,0.0,2926.0,/peak_capture_398_by_threshold_2500.wav
33.07350397109985,2500,0.0,2904.0,/peak_capture_399_by_threshold_2500.wav
33.074543952941895,2500,0.0,2879.0,/peak_capture_400_by_threshold_2500.wav
33.0756950378418,2500,0.0,2851.0,/peak_capture_401_by_threshold_2500.wav
33.076486110687256,2500,0.0,2819.0,/peak_capture_402_by_threshold_2500.wav
33.07753396034241,2500,0.0,2783.0,/peak_capture_403_by_threshold_2500.wav
33.078320026397705,2500,997.4025974025975,2744.0,/peak_capture_404_by_threshold_2500.wav
33.07898211479187,2500,997.4025974025975,2700.0,/peak_capture_405_by_threshold_2500.wav
33.16628694534302,2500,997.4025974025975,2654.0,/peak_capture_406_by_threshold_2500.wav
33.16760015487671,2500,0.0,2602.0,/peak_capture_407_by_threshold_2500.wav
33.16893196105957,2500,0.0,2547.0,/peak_capture_408_by_threshold_2500.wav
